accelX,accelY,accelZ,azimuth,gyroX,gyroY,gyroZ,magX,magY,magZ,pitch,pressure,roll,timestamp,timestamp_offset,direction
-2.5188731285714288,4.494233628571428,6.9946477,0.8889543857142856,-0.028121591428571426,-0.4828013257142857,0.20450880257142856,-21.883929714285717,2.9571429142857144,-43.607146285714286,-0.4683140571428571,140.87112857142856,0.28199037,1754295487002.0,44.0,Stay
-1.924826366666667,4.341377866666666,8.043672566666666,1.0054720333333333,-0.490371705,-0.59032447,0.0187077335,-26.281250333333332,4.484375066666667,-49.32500099999999,-0.48737914,986.1067866666667,0.23502342333333334,1754295487105.0,147.0,Stay
-1.4975331375,3.452394425,9.187317499999999,1.0625133624999998,-0.37274206125000003,-0.712669215,-0.02256381925,-29.5125,5.859375200000001,-48.984376,-0.355137125,986.101045,0.16182636375,1754295487203.625,245.625,Stay
-0.9696914,3.5104703,9.159525333333333,1.0261762833333334,-0.12232566700000001,-0.270613095,-0.010308344999999997,-31.303125833333336,6.7625003,-47.209376999999996,-0.36414367999999997,986.08963,0.10544448666666667,1754295487301.1667,343.1666666666667,Stay
-0.2832836111111111,3.395614811111111,10.212101555555556,1.0560240255555555,0.17380800755555556,-0.38523510222222224,-0.1498315533333333,-32.94583433333333,5.416666911111111,-46.643752444444445,-0.31878838777777774,986.0928044444445,0.026781805777777775,1754295487412.2222,454.22222222222223,Stay
0.34289148599999997,1.9249061600000001,10.4933644,1.1831353999999998,-0.277027186,-0.26960516,-0.122478394,-34.365002200000006,4.77750024,-46.038750400000005,-0.18466233199999998,986.094716,-0.033999802,1754295487509.4,551.4,Stay
0.34135111500000004,2.7702903125000002,9.21692825,1.051052325,-0.0206357775,-0.2788788725,0.088728108,-34.924220125,5.5195314374999995,-45.6960945,-0.3029633675,986.0962575,-0.038548745625,1754295487603.375,645.375,Stay
0.15416614571428572,2.3183032571428575,9.642477285714287,1.171829742857143,0.2290088342857143,-0.14830924457142855,-0.11399172857142859,-36.30535971428571,4.441071542857143,-45.18214342857143,-0.23703490000000002,986.1126557142858,-0.014973544714285716,1754295487708.7144,750.7142857142857,Stay
0.6079763733333333,3.0938198666666668,8.809176666666668,1.0557309333333333,0.15164718116666667,0.15485422933333334,0.13398300999999999,-36.590624999999996,3.6093751,-44.259375,-0.33694113000000003,986.1222266666667,-0.06941069516666666,1754295487802.3333,844.3333333333334,Stay
0.58968121,3.3160034375,9.206759,0.9970250325,-0.123814656625,0.6669498,0.12652536749999999,-33.97265625,3.9890627375000003,-46.28203125,-0.34475161,986.12499,-0.06341508675,1754295487900.375,942.375,Stay
-0.8733802757142858,3.1950164,8.588267857142856,1.0393607542857144,0.006719508571428572,0.7465858512857143,0.25080362714285714,-30.17410885714286,5.0035715142857144,-48.97768042857143,-0.3500902814285714,986.1254714285715,0.10444505485714285,1754295488010.1428,1052.142857142857,Front
0.5594932014285715,4.882810999999999,8.864296428571429,0.7847210885714285,-0.10637772857142858,-0.009752019428571429,-0.016558798000000007,-31.41160914285714,4.8321429857142855,-48.377681,-0.50109678,986.1212642857143,-0.06080736800000001,1754295488107.7144,1149.7142857142858,Front
0.0002563728571428535,4.293151285714286,8.538445142857142,0.8562526614285714,-0.2152425671428571,-0.21334452142857144,-0.2552760242857143,-31.162501142857145,5.491071428571429,-49.30982342857143,-0.4658400528571428,986.12162,0.0004454821428571433,1754295488202.8572,1244.857142857143,Front
-0.32909857428571426,4.647288885714286,8.806954285714285,0.9019605914285714,-0.12005674928571429,-0.23289219628571428,-0.22861614,-32.60625114285715,5.817857142857143,-48.444644,-0.4850000742857143,986.1209771428572,0.037293496714285716,1754295488307.2856,1349.2857142857142,Front
-0.6135026342857143,4.755991371428571,8.570492214285714,0.9274134285714286,-0.07622719742857142,-0.07541998188571429,-0.14292054228571427,-32.544642857142854,5.5125,-48.13660957142857,-0.5062236914285714,986.1154742857143,0.07223082142857143,1754295488403.0,1445.0,Front
-0.29411777333333333,4.644668,9.345368166666667,0.9407855766666667,-0.017791437,-0.175623615,-0.02855793,-33.321875,4.840625050000001,-48.440628,-0.46121431333333335,986.1199916666666,0.031809888,1754295488498.0,1540.0,Front
-0.07384516595555556,4.9579947777777775,10.145035777777778,0.9250065455555555,0.19025043933333335,-0.09996122666666667,0.22318623999999998,-33.00208466666667,4.666666766666667,-47.989585,-0.45428899,986.12608,0.007410252911111113,1754295488605.5557,1647.5555555555557,Front
0.07848457864,5.34640324,9.954979400000001,0.916649746,0.4725649900000001,0.18897101600000002,0.23881758,-33.4462504,3.26625008,-47.2237506,-0.49308778799999997,986.13428,-0.008057238080000001,1754295488704.2,1746.2,Front
-0.5700900066666666,4.473980044444444,9.012433555555555,1.0037060944444445,0.4382615222222222,0.11158463333333334,0.2168739677777778,-31.652084666666667,1.7645834066666666,-48.13333511111111,-0.4607191855555555,986.1260444444443,0.06377307466666667,1754295488804.2222,1846.2222222222222,Front
-0.45822554666666665,3.6620155666666663,7.415357333333334,1.03489126,0.23212860000000002,-0.11275545866666666,0.2121737,-31.69062633333333,0.4125000093333333,-47.743752666666666,-0.4577610466666666,986.107545,0.061734903333333334,1754295488910.6667,1952.6666666666667,Front
-0.09203821499999999,4.255720814285715,6.887654785714285,0.8871925514285713,-0.11294453571428571,0.296771204,0.23435390857142857,-31.245536857142856,0.9669643142857142,-48.206250857142855,-0.5532847142857142,986.1153228571429,0.012237889857142857,1754295489006.1428,2048.1428571428573,Front
-0.5236008571428572,4.889049314285714,8.091329857142858,0.9032334128571428,-0.043022333428571424,0.0630936082857143,0.0778634442857143,-29.68393057142857,1.379464292857143,-49.317859428571424,-0.5475893257142858,986.1352714285714,0.06215912371428572,1754295489102.2856,2144.285714285714,Front
0.08238147857142857,5.440680542857144,10.028234071428573,0.8328947114285714,0.29103344857142854,-0.017627807142857135,0.05076723142857143,-28.382144714285715,1.4357143514285713,-50.558039,-0.49607740142857143,986.1443914285716,-0.005503905000000001,1754295489203.0,2245.0,Front
0.16553204142857145,5.4947754571428575,9.794933857142857,0.8993809314285715,0.038702642857142866,-0.32297294428571427,-0.5197586471428571,-30.241073,-0.9696428742857144,-49.175894142857146,-0.5101566357142857,986.1324614285714,-0.01808241857142857,1754295489300.7144,2342.714285714286,Front
-0.25833938714285715,4.1740226,8.514773857142858,1.0717106714285713,0.2680387342857143,-0.1509490537142857,-0.13037600114285713,-31.33393057142857,-3.6428571999999995,-48.49821542857143,-0.46037958571428567,986.1149171428572,0.029237827857142854,1754295489399.5715,2441.5714285714284,Front
0.304785786,4.8003012499999995,6.8371915,0.87752920875,0.350407315,-0.08120683425,-0.03867537625,-30.775782,-5.65078125,-48.1500025,-0.61152215,986.1064775,-0.04414717785,1754295489509.375,2551.375,Front
0.232402902,5.3392846,7.289734,0.9266957916666666,0.20418154666666666,-0.08027781333333334,-0.08811724333333333,-30.450000833333334,-8.103125,-47.071875,-0.6326781,986.1014383333332,-0.0292180472,1754295489607.0,2649.0,Front
0.18339276000000002,6.039142242857143,8.610572714285713,0.9383693428571428,0.12904518857142858,0.17067125428571428,0.15382883857142857,-29.13482314285714,-8.81517957142857,-47.769643428571435,-0.6115320085714285,986.1107228571428,-0.021910626071428574,1754295489700.8572,2742.8571428571427,Front
-0.148355,6.432804600000001,9.4480605,0.9756113,0.053775188375000005,0.246293045,0.41338365125,-28.743750875000003,-8.325000874999999,-48.07031525,-0.59820873,986.12576,0.01511946075,1754295489804.0,2846.0,Front
-0.83904327,5.734519140000001,7.37635444,0.99837402,0.039339692,0.0677449044,0.265970528,-27.15,-8.33625,-48.7387526,-0.662261608,986.125828,0.12072814400000001,1754295489899.8,2941.8,Front
-0.18783656666666668,4.197011,7.774878833333334,1.1132703666666666,-0.05463845933333334,-0.198598942,0.2739389222222222,-28.179167333333332,-8.612500133333334,-46.73541711111111,-0.49476659333333334,986.11811,0.022599507333333334,1754295489997.7778,3039.777777777778,Front
0.06221339333333334,4.9667021333333325,7.354938433333333,0.9495168583333333,0.020463971,0.3630064,0.340098965,-27.465625,-8.065625833333334,-46.484375,-0.5932787266666667,986.1125083333333,-0.008219812,1754295490107.8333,3149.8333333333335,Front
0.23382363750000001,5.8942699874999995,8.3391365,0.8371450925,-0.16107740250000002,0.37306658375,0.10760764875,-25.059375,-7.6593751875,-47.25,-0.61710784375,986.1166900000001,-0.027283858375,1754295490205.625,3247.625,Front
0.2077767633333333,6.044469500000001,10.064411333333334,0.876256925,-0.42943795,0.142713286,-0.28947355,-24.203125,-6.915625000000001,-48.459375333333334,-0.5415189766666666,986.1322866666666,-0.021111419000000003,1754295490301.3333,3343.3333333333335,Front
0.1370555688888889,4.632704222222222,9.192227822222222,1.0140842177777776,0.07381283333333334,-0.2559014293333333,-0.43269589222222227,-23.49375088888889,-7.735417177777778,-46.57291844444445,-0.46725831111111116,986.1481277777779,-0.01530605822222222,1754295490411.0,3453.0,Front
-0.112941234,4.29643278,7.184569640000001,1.05120102,0.273087115,-0.13469569,-0.47641345600000007,-23.3962508,-10.5862502,-45.01875,-0.539667616,986.1473319999999,0.0176104564,1754295490510.4,3552.4,Front
-0.57016476,4.8510741625,7.3084282,1.057599075,0.347314815625,0.000687218749999996,-0.30527967375,-21.623437625,-10.91484425,-43.867969875,-0.5836275937500001,986.130495,0.07719458625,1754295490605.0,3647.0,Front
-0.7890332657142858,5.780461385714285,8.025271085714285,1.0670161142857142,-0.053908821428571445,0.27957972542857146,0.19792018571428574,-20.908928857142858,-12.428571999999999,-43.20535828571428,-0.6239760857142856,986.1245,0.09797366399999999,1754295490708.1428,3750.1428571428573,Front
-0.7505487333333333,6.826922383333334,8.959825166666667,0.997481445,0.15358157666666666,0.10898845266666667,0.4208349333333334,-19.9125015,-11.68125,-42.234376000000005,-0.64881565,986.1254049999999,0.08359903766666667,1754295490801.1667,3843.1666666666665,Front
-0.8614161549999999,5.9009996000000005,8.987740500000001,1.0822909375,0.016302447499999994,-0.07372375,0.42733809375,-19.893751125,-10.410937875,-41.21015625,-0.5791019475,986.1173699999999,0.09902286125,1754295490901.125,3943.125,Front
-0.6611881457142857,4.530211457142857,7.853927571428572,1.1507191,-0.10506874142857144,-0.44433867857142856,0.39634216000000005,-20.874107428571428,-8.975893142857142,-39.565178571428575,-0.5209596585714286,986.1145042857142,0.086480022,1754295491007.2856,4049.285714285714,Front
0.54496535,4.6888213428571435,7.143259357142857,0.8487117357142857,-0.16643883142857144,0.03204858571428572,0.42348201999999996,-21.364287714285716,-7.454464714285714,-39.332142857142856,-0.5804706957142857,986.1150914285714,-0.07533337785714286,1754295491107.7144,4149.714285714285,Front
0.5690644942857143,5.3829963,8.730725857142858,0.8754176328571429,0.13633192857142856,-0.12267474,0.04330595034285715,-21.026787285714285,-6.626785714285715,-38.75357228571429,-0.5518893971428571,986.1247285714286,-0.06596719114285714,1754295491204.0,4246.0,Front
0.4695914328571429,5.6857738,9.35243242857143,0.9263261485714286,0.11372993285714285,0.11167917000000001,-0.08482293877142857,-20.161607428571433,-7.575000085714286,-37.872322,-0.5456290714285714,986.1202857142858,-0.050365860857142855,1754295491308.4285,4350.428571428572,Front
1.0001998571428572,5.478709314285714,9.27671657142857,0.8134633342857143,-0.14824378857142856,0.047298385285714284,-0.12880519857142858,-18.816965857142858,-7.020535842857143,-37.63928657142857,-0.5304989,986.1189642857142,-0.10718501428571428,1754295491403.8572,4445.857142857143,Front
1.099502,4.606981266666667,8.189634666666667,0.7377325949999999,-0.02550360285,-0.044058622,-0.10598504000000002,-17.52500116666667,-6.934375383333333,-38.0812505,-0.5103625666666667,986.1185983333334,-0.13411169333333336,1754295491497.6667,4539.666666666667,Front
0.8555006,4.918912411111111,6.758926222222223,0.5606157422222222,-0.04155577393333333,0.10651106333333334,-0.20508088666666666,-16.104167888888888,-6.550000366666667,-38.03958466666666,-0.6254631155555556,986.1113666666666,-0.1251940411111111,1754295491604.3333,4646.333333333333,Front
0.6380461399999999,5.32103956,7.3243104,0.5864449119999999,-0.15946625399999997,0.142728554,-0.214047024,-14.7075008,-6.363750479999999,-37.035000600000004,-0.627853,986.1204,-0.086156557,1754295491705.2,4747.2,Front
0.44652728444444445,5.954273355555555,8.994554,0.6473998655555556,-0.16866655555555554,0.21436263066666666,-0.07086031555555555,-14.756250555555555,-5.4562500555555555,-37.858333333333334,-0.5853572777777778,986.1460266666667,-0.0530005312,1754295491802.4443,4844.444444444444,Front
-0.28434709333333336,5.475974600000001,10.616355333333333,0.8226261783333334,-0.07490730999999998,-0.092240587,-0.11239912,-13.203125833333333,-4.340625200000001,-37.6656255,-0.4769553266666667,986.1550333333333,0.026177236133333337,1754295491911.5,4953.5,Front
-0.67084493,4.6293427000000005,8.154568285714285,0.8302546185714286,0.31064655,-0.15474514285714286,0.06811142142857143,-12.672321857142858,-4.100892857142857,-37.746431571428566,-0.5191998828571429,986.1181971428572,0.08645849385714287,1754295492003.7144,5045.714285714285,Front
-0.20595366285714284,4.093692257142857,8.296257857142857,0.8513888257142858,0.12823797657142857,-0.3956876557142857,-0.14379320071428572,-13.309822142857143,-4.3044644,-37.258929,-0.45847249428571424,986.1019128571428,0.025342739142857142,1754295492100.7144,5142.714285714285,Front
-0.05316553125,4.59436915,7.6083534375,0.7891591637500001,0.21767784350000002,0.054996921125,-0.115186196875,-14.092969,-5.3976563,-36.6539075,-0.54259820625,986.1026625000001,0.006382016249999999,1754295492209.625,5251.625,Front
-0.04446663333333334,5.204189800000001,8.575078666666668,0.7513266,-0.21034111016666668,0.143578675,-0.06111192916666667,-13.325000333333334,-5.1125,-36.44375,-0.5483345166666667,986.13033,0.013014820000000002,1754295492306.8333,5348.833333333333,Front
0.7247688571428571,5.910357542857143,9.274666,0.5638298142857143,0.04980729371428571,-0.28867723714285715,-0.27735442285714285,-13.213393714285715,-4.352678857142857,-36.495535714285715,-0.5673566214285714,986.1438571428571,-0.07822335857142858,1754295492398.4285,5440.428571428572,Front
0.5679962625,4.756931375000001,9.012491875,0.7037820825000001,-0.25692591625,-0.05682951375,-0.29455136000000004,-13.95703225,-4.2843753,-36.43359375,-0.49135368625,986.141115,-0.06938871999999999,1754295492507.25,5549.25,Front
0.82672021,4.62412975,7.5059855,0.5429643666666667,-0.06663516533333334,-0.15312343533333334,-0.2827794866666667,-14.181250999999998,-3.3875000666666666,-36.4375,-0.548983245,986.1338933333333,-0.10991952499999998,1754295492606.3333,5648.333333333333,Front
0.43960638750000003,4.9057351875,6.9958655499999995,0.54894910125,0.153575225875,-0.04407771075,-0.14863103375,-13.7109385,-3.7218750624999997,-37.176564375,-0.61075307,986.1400825000001,-0.0600848425,1754295492707.75,5749.75,Front
0.6796471057142857,5.743543428571429,8.153799157142856,0.5447078414285714,0.06542798157142857,-0.02079122,-0.06782780685714286,-14.295535857142855,-4.513392857142857,-37.22946642857143,-0.6122192000000001,986.1568428571428,-0.08441255142857143,1754295492809.8572,5851.857142857143,Front
0.7734799383333333,6.421837583333333,9.681061,0.5600848466666667,0.04189514233333333,-0.05563960266666667,0.10196351466666669,-13.996875000000001,-4.24687515,-37.181251499999995,-0.58460475,986.1446066666667,-0.0795633075,1754295492907.5,5949.5,Front
0.8374131425,6.216553,9.14880825,0.5867879875,0.10701587025,0.0203876115,-0.027068943999999998,-15.196875375000001,-4.832812687500001,-37.621876875,-0.5937995125,986.1243925,-0.086990378125,1754295493001.0,6043.0,Front
-0.04506482666666667,5.109075,7.4953173333333325,0.7266135216666667,0.19005529750000003,-0.17440188499999998,-0.23136502299999998,-15.168751,-5.1937504,-38.5281275,-0.5987991666666667,986.1011483333333,0.006977385,1754295493105.8333,6147.833333333333,Front
0.11074282360000001,4.717824,7.395466874999999,0.76141894375,0.09266055,-0.3068259175,-0.2050405725,-15.5718755,-4.7062501999999995,-36.703126499999996,-0.56678680375,986.1090075,-0.014937755400000002,1754295493203.125,6245.125,Front
0.38703905333333327,5.504888,7.9365939999999995,0.7801350666666665,0.165544355,-0.33719736499999997,-0.33192865499999996,-18.12187666666667,-5.868750000000001,-36.578125,-0.60622821,986.12065,-0.048627609999999995,1754295493302.5,6344.5,Front
0.8874713422222222,5.7405809111111115,9.135663777777777,0.8342790666666667,0.20650623333333332,-0.4344775955555556,-0.47275843777777776,-19.543750888888887,-6.739583433333333,-36.34375,-0.5596009833333333,986.144008888889,-0.09682901,1754295493410.3333,6452.333333333333,Front
1.2922439000000001,5.903212999999999,8.4944006,0.798798534,0.14627157600000001,-0.27436990800000005,-0.40946266,-20.49375,-8.38875006,-35.253750000000004,-0.601814416,986.133184,-0.15115200199999998,1754295493508.2,6550.2,Front
1.3357932375000001,5.43604425,7.6296645624999995,0.746690745,-0.298025645,-0.38591381625,-0.5933978750000001,-20.498438750000002,-7.5914065,-34.530469875,-0.61221373375,986.117855,-0.173521625,1754295493603.625,6645.625,Front
0.7880932357142856,5.0385154000000005,6.8544968285714285,0.8539753628571428,-0.20136720285714288,-0.06913680171428573,-0.5575013642857144,-21.525000142857145,-7.5348217,-34.033931,-0.6312709842857143,986.1180228571428,-0.11265991142857144,1754295493709.0,6751.0,Front
0.11824532083333333,5.16470835,7.880861266666667,1.02049969,-0.014762566666666662,-0.085673787,-0.4095848466666667,-21.168750666666668,-7.5750003,-34.162501999999996,-0.5821028966666667,986.1225666666666,-0.016874281666666668,1754295493801.0,6843.0,Front
0.013908264999999989,6.1419271250000005,8.46625525,1.004941725,-0.16581161625,0.0375490925,-0.178124355,-21.7593755,-7.790625224999999,-33.897657375,-0.6289647875,986.1359925,-0.0042917369999999995,1754295493899.875,6941.875,Front
0.33704614285714285,6.331323214285715,9.609149,0.9753924285714286,-0.29600761714285717,-0.023561927142857143,0.22780891285714283,-22.213394571428573,-5.938392985714286,-33.932145000000006,-0.5809264671428572,986.1302357142857,-0.03487003357142857,1754295494010.0,7052.0,Front
-0.4422448828571429,4.730268471428571,8.333176,1.0951962114285714,0.2836157828571429,-0.18099050857142857,0.29295329214285715,-22.127680571428574,-4.923214457142857,-34.21607342857143,-0.5183246457142857,986.1216257142858,0.04722805285714286,1754295494108.7144,7150.714285714285,Front
-0.16416473142857144,4.248798428571428,7.922208857142857,1.121956622857143,-0.16170463428571427,-0.16187916285714285,0.0800887342857143,-24.262500571428575,-4.508036,-33.76339314285714,-0.4931456285714286,986.1215857142857,0.015679531428571432,1754295494204.1428,7246.142857142857,Front
0.2750036857142857,4.892980485714285,7.570036571428572,0.9538549371428572,-0.027663448571428575,0.03691368760000001,0.2336776,-23.93839385714286,-2.8178573428571427,-33.17946557142857,-0.5739197357142857,986.1161714285715,-0.036472361999999994,1754295494306.0,7348.0,Front
0.42908435857142857,5.273695571428571,8.760124142857142,0.9844025414285714,0.013809906428571427,-0.11277000571428572,0.10480694142857143,-24.854464714285715,-2.566071514285714,-33.06428571428571,-0.5414968971428572,986.1177371428572,-0.04776463371428572,1754295494402.8572,7444.857142857143,Front
0.54057851,5.937589933333334,9.186843666666666,0.9134076083333333,0.11904227,-0.06047560999999999,0.12461641,-25.340625,-0.9812499999999998,-33.37187666666667,-0.5726842266666666,986.1264633333334,-0.058704968,1754295494496.3333,7538.333333333333,Front
0.7353941777777777,5.089666644444445,9.218349111111111,0.9673489055555555,-0.010011396666666663,-0.11345116777777779,0.1408891788888889,-26.041668,-0.36250000222222223,-32.266667000000005,-0.5022201844444445,986.1186166666666,-0.079464534,1754295494603.7778,7645.777777777777,Front
0.9099904560000001,4.29774894,7.907560800000001,0.8864658820000001,0.0538782708,0.1244942368,0.22727225000000004,-25.207500800000002,0.76500006,-32.418752999999995,-0.496441542,986.10762,-0.115003894,1754295494702.8,7744.8,Front
0.33007659322222227,4.6241299555555555,7.961186888888889,0.91485888,0.04230238511111111,0.269561049,0.2769423277777778,-24.916667555555556,1.4500000111111113,-32.460417888888884,-0.5253320333333333,986.1061555555555,-0.042857579444444446,1754295494802.111,7844.111111111111,Front
0.47098725766666666,4.853043333333333,8.580263333333335,0.8583289816666667,0.31360271,0.46364637000000003,0.6905062699999999,-23.734375333333332,2.03125,-33.46875033333333,-0.51364998,986.1129666666667,-0.05389399366666667,1754295494909.6667,7951.666666666667,Front
0.79538919375,5.811343575,8.544545,0.706149775,0.36084927075,0.585322985,0.84379516,-22.059376,2.55,-33.80625,-0.5947363375,986.1275375,-0.0936080125,1754295495010.875,8052.875,Front
0.1328016533333333,5.9958153,8.6821575,0.6707540133333333,-0.04367683,0.6165152983333333,0.8270091066666666,-19.3875,4.075000266666667,-35.125001999999995,-0.6032204333333333,986.1251166666667,-0.019280721333333334,1754295495105.3333,8147.333333333333,Front
-0.0012711866250000124,5.362764075,8.966953375,0.67307203375,0.06914225874999999,0.34067165250000003,0.72246214625,-18.384375,5.5312503125,-35.697657500000005,-0.54003433875,986.11819875,0.0005048019249999989,1754295495208.25,8250.25,Front
-0.27018954866666667,5.065405999999999,7.3357961,0.5997464499999999,0.37015860666666667,0.44829838499999997,0.44880745000000005,-16.025000000000002,5.9312501,-36.693751999999996,-0.6034592066666666,986.107705,0.03727923293333333,1754295495305.1667,8347.166666666666,Front
-0.7530554399999999,4.8547807857142855,8.197383514285715,0.6894399428571428,0.17086760857142855,0.2955276514285714,0.3030543857142857,-13.612499999999999,3.8625002428571427,-33.897321999999996,-0.5351599928571428,986.1055014285714,0.09232698642857143,1754295495399.0,8441.0,Front
-0.11335997187499999,5.2140355000000005,8.051474375000002,0.42297132875,0.13398937625000001,0.373868345,0.24119615249999998,-6.6562501125,1.2539062975000002,-26.852345,-0.5746017062500001,986.085565,0.014079303875,1754295495505.5,8547.5,Front
0.07038886833333334,5.412365666666666,7.392027466666666,0.3114407983333333,0.05202531666666666,0.18203770666666666,0.062308209333333336,-5.61562515,0.553125022,-27.300000999999998,-0.6331948733333334,986.0665583333334,-0.010667226666666668,1754295495605.6667,8647.666666666666,Front
0.2167747675,5.96261485,7.9221870875,0.25936099625,-0.23044873375000002,0.0328721575,-0.0279470645,-5.4328125,1.10859385,-27.7289075,-0.645073035,986.0694599999999,-0.0270990341875,1754295495704.875,8746.875,Front
0.4011396214285714,5.611852885714286,8.609290142857143,0.31947513857142856,-0.40725045285714284,-0.09538216978571427,-0.08563015471428571,-6.675000285714286,1.2883928857142857,-27.865180142857145,-0.5771092685714285,986.08028,-0.04716678857142857,1754295495810.1428,8852.142857142857,Front
0.8597212500000001,5.352245750000001,8.760123333333333,0.286710945,-0.015424336666666665,0.013948079500000002,-0.023976442333333334,-7.406250150000001,1.7062500500000002,-27.3562505,-0.546269225,986.0861816666667,-0.09705075049999999,1754295495907.6667,8949.666666666666,Front
0.207053926,5.0853462,8.10673375,0.35881976,-0.039553492375,0.30461154675,0.02432005525,-6.6703129,1.1390625,-27.904689,-0.5599748812500001,986.09165625,-0.025343592374999998,1754295496001.25,9043.25,Front
0.45663033866666664,5.5026944,8.077172333333333,0.24558927333333333,-0.05749764775,0.30337071499999996,0.143935018,-5.806250083333334,0.6,-28.590626,-0.5966096666666667,986.0923666666667,-0.056201386,1754295496104.8333,9146.833333333334,Front
0.29775687275,5.3548378875000004,8.413613375,0.2057389225,-0.17571907275,0.53855366875,0.06375901075,-4.44375,0.7875,-29.025,-0.5663030575,986.0998275,-0.03603000825,1754295496201.625,9243.625,Front
-0.17587246199999998,5.654838333333333,8.315458,0.17376048,-0.17951788999999999,0.467846075,0.045509425,-2.4687501,1.5625001,-29.090626666666665,-0.5972020666666666,986.0941183333334,0.021355394666666666,1754295496299.8333,9341.833333333334,Front
-1.4930548799999999,5.4994376888888885,8.504956,0.37047421999999997,0.07140330555555556,0.13321943216666665,0.05828668133333334,-1.2354167266666667,0.8270833622222222,-31.525001333333332,-0.5670540666666667,986.111651111111,0.17341230144444444,1754295496407.7778,9449.777777777777,Front
-1.188395358,5.7853665,8.651370600000002,0.301515784,0.164078282,0.0652098141,0.23790128400000002,-0.7987500080000001,-1.215000004,-32.17125,-0.584778618,986.116452,0.13867018800000003,1754295496507.2,9549.2,Front
-0.9989286399999999,5.0023452625000004,8.437466675,0.23483637125,-0.16428444125000002,0.16378811875,0.1528880025,0.06328125,-0.58125002375,-32.3062515,-0.5310680575,986.11285,0.11824372000000001,1754295496601.375,9643.375,Front
-0.8556904628571429,4.692410542857142,8.11739422857143,0.19936204999999999,-0.1505345302857143,0.1460403257142857,0.14119703057142857,0.31875000000000003,-0.89464286,-32.83393014285714,-0.52212845,986.10188,0.10502948142857142,1754295496706.7144,9748.714285714286,Front
-1.01984095,4.516752016666667,8.034899,0.24884547999999998,-0.017002402933333334,-0.14304417,-0.054010628666666664,0.08125000066666667,0.10000000666666668,-33.175003,-0.5088314500000001,986.0964866666667,0.12643622666666668,1754295496799.6667,9841.666666666666,Front
-0.45568316,5.3433225,7.2895848,0.113087044375,-0.11146373535000001,-0.0192231525,-0.18471023975,-0.10312502474999999,-0.4593750225,-33.34453375,-0.6326434075,986.10539,0.060427907749999996,1754295496897.625,9939.625,Front
-1.218032182857143,5.359837214285714,7.837177714285715,0.26077909714285713,-0.40439247714285714,0.22263838857142856,-0.43022334285714287,0.2973214457142857,-0.5008928885714286,-34.344643714285716,-0.5938339942857143,986.1056,0.15453254,1754295497006.5715,10048.57142857143,Front
-1.7997444857142857,4.824955999999999,9.796301571428572,0.4153948385714286,0.027248932500000007,-0.28394304,-0.4875137242857143,-0.11249995714285713,-0.41250003142857145,-34.084822714285714,-0.45036719285714283,986.1297428571428,0.18139623000000002,1754295497104.7144,10146.714285714286,Front
-0.9510615357142856,5.1067108,9.176731285714286,0.32664252857142856,0.4593484828571429,-0.4043052228571429,-0.6675006685714285,-1.3178572285714285,-2.614285834285714,-35.26339371428571,-0.5066583871428572,986.12936,0.1040188742857143,1754295497201.0,10243.0,Front
-1.273131225,4.11266385,9.28175925,0.5956868012500001,0.1396971351,-0.21481441575000002,-0.6482993499999999,-1.762500025,-4.666406412500001,-35.423438250000004,-0.4160210725,986.12751,0.1377525175,1754295497310.875,10352.875,Front
-1.3926227500000001,4.112963,8.373384,0.575803275,0.021431173333333334,0.04321868266666667,-0.3698786233333333,-0.45625000000000004,-6.118750433333333,-35.9,-0.451783105,986.1218333333333,0.16505094,1754295497408.0,10450.0,Front
-1.8302530285714285,3.510014414285714,8.749270857142857,0.8730612985714286,-0.12581632571428572,0.2829394828571429,-0.07749255914285715,-0.7125000714285715,-6.4633933,-35.82321628571429,-0.37442907142857146,986.1163071428572,0.20587707571428573,1754295497503.4285,10545.42857142857,Front
-1.62592295,4.1964127,7.9896345,0.463328375,-0.080366895,0.37104308874999997,0.38320311925,1.896093875,-6.215625112500001,-36.051564875,-0.47610335,986.1235275,0.19962611,1754295497605.625,10647.625,Front
-1.8559929,4.494079940000001,8.5439318,0.6459414840000001,-0.243704506,-0.016462804000000008,0.154670962,-0.32625003,-6.21000012,-35.8275018,-0.475739452,986.12816,0.21284533,1754295497699.8,10741.8,Left
-2.420938222222222,4.291726944444445,8.983121333333335,0.9134933744444445,-0.06544736888888888,-0.25581659111111116,0.4359538511111111,-2.1645834277777776,-6.316666666666666,-36.83750033333334,-0.43249463,986.1232533333334,0.26334374000000005,1754295497799.5557,10841.555555555555,Left
-1.9192431333333335,4.218745833333333,9.080562666666667,0.8229782,0.026038120000000012,0.083306675,1.06359195,-2.55000005,-5.859375016666667,-36.80937533333333,-0.42694635,986.1327200000001,0.20747611333333335,1754295497906.3333,10948.333333333334,Left
-1.4118400875,3.853341875,8.9422775,0.59205530625,0.02481638125,0.17012583874999998,1.4325733875,-0.862500055,-4.76250005,-37.8562525,-0.4018389375,986.1306025,0.15658714125,1754295498006.5,11048.5,Left
-1.0203394333333333,3.909872,8.432506333333334,0.3638923233333333,0.166104315,0.48981173999999994,1.7580178999999998,0.9375000416666666,-6.01875025,-37.568750333333334,-0.4321661766666667,986.1161466666666,0.11889773,1754295498103.1667,11145.166666666666,Left
-0.8120642,4.2720855625,8.833254125,-0.37453299625,0.08303943,0.6418852724999999,1.6669545000000001,7.125,-7.2585940625,-36.68437525,-0.4493682275,986.122155,0.09188762875,1754295498207.0,11249.0,Left
-0.52442699,4.288536333333333,9.237692000000001,-0.76496682,-0.11285726833333333,0.9085086416666667,1.3322451666666668,11.325000000000001,-6.84375,-36.743751333333336,-0.43414989333333337,986.1298783333333,0.056672020999999996,1754295498303.8333,11345.833333333334,Left
-0.49967264857142857,4.350578857142858,8.890874428571427,-0.8423204028571429,-0.06656244342857143,0.83782287,1.2220567857142857,14.986607714285714,-5.7750002857142855,-37.087500285714285,-0.4544596814285714,986.1283128571429,0.056159383,1754295498397.8572,11439.857142857143,Left
-0.0824776075,4.7632874375,9.133254875,-1.0041350375,0.118679574,0.57720996625,1.1030118125,16.612500875000002,-7.3617189000000005,-36.431251,-0.48059608625,986.11946,0.009040683625,1754295498504.5,11546.5,Left
-0.32163523666666666,4.440081666666667,9.120044,-1.1606372166666665,0.11458805533333333,0.47591458,0.8395827333333333,19.2000005,-8.6250005,-35.240625,-0.4521841766666667,986.1137266666666,0.035167659999999996,1754295498603.0,11645.0,Left
-0.09055337875,4.4991797375,8.613189375,-1.192188225,0.020483059125,0.5614228975,1.0095494875,19.57265625,-9.121875375,-33.73828125,-0.48155628,986.1082262499999,0.010502811125,1754295498703.375,11745.375,Left
0.19663875142857143,4.724970271428572,8.677485428571428,-1.2761195,0.08423388771428572,0.5960295,0.8258019428571429,21.045535714285716,-10.299108,-33.222321428571426,-0.49866632285714285,986.1101128571429,-0.022845059,1754295498807.8572,11849.857142857143,Left
0.24965115999999998,4.180460516666666,8.743174166666668,-1.3908366666666667,-0.09911280733333333,0.6389645666666667,0.6538289333333333,23.0250005,-10.2375,-32.2875005,-0.44567790333333335,986.11027,-0.02876007,1754295498903.8333,11945.833333333334,Left
1.05164553,4.7955158,8.895318,-1.431278525,-0.14511855950000002,0.35124726749999996,0.668515135,24.958594,-10.333594125000001,-30.766406875,-0.49137162,986.11371,-0.116453005,1754295498998.75,12040.75,Left
0.9024929133333334,4.741976266666666,8.557331666666668,-1.4412888333333334,0.11033745099999999,0.25801401799999996,0.5086976200000001,25.725000000000005,-10.721875166666665,-29.95,-0.5039638066666666,986.1196333333334,-0.10328073333333332,1754295499102.3333,12144.333333333334,Left
1.0010972,5.0134869375,8.365681875,-1.442030825,0.04654026,0.019356776500000006,0.3278434865,24.975,-11.3718755,-29.409376,-0.5369701,986.1153475,-0.11881469624999999,1754295499199.625,12241.625,Left
0.9780662666666666,5.0670012,8.596016,-1.4522351333333334,-0.04596757999999999,-0.09926552500000001,0.04459313,25.387500000000003,-11.928125,-30.168750000000003,-0.5297871866666667,986.1136166666666,-0.113230184,1754295499299.0,12341.0,Left
-0.06759723555555557,4.839483833333333,8.090930955555557,-1.3621584666666666,0.08211040444444445,-0.0955155,-0.18054448577777776,24.491666666666664,-12.027083333333334,-29.91250088888889,-0.5387966477777778,986.1120511111112,0.008291803111111112,1754295499406.111,12448.111111111111,Left
-0.28570302000000003,4.94357168,8.6142814,-1.37500454,-0.1057101448,-0.13478731719999998,-0.049480048000000006,23.9025,-12.2287508,-29.6850008,-0.52034488,986.1068359999999,0.0337679914,1754295499505.6,12547.6,Left
-0.07384516666666667,5.061019277777778,8.63004711111111,-1.3292339333333334,-0.08852449066666666,-0.03393693388888889,-0.16593462444444446,24.04583511111111,-11.250000555555555,-30.614585222222225,-0.5301843166666667,986.1014444444445,0.008473261777777777,1754295499606.3333,12648.333333333334,Left
-0.20398813333333332,4.739583333333333,8.525627333333334,-1.3500123000000002,-0.08643737,-0.02524907733333334,-0.127518026,24.081251666666663,-11.571876000000001,-31.056252,-0.5072531333333333,986.098625,0.023884528333333332,1754295499711.3333,12753.333333333334,Left
0.4576273385714286,5.000999242857143,8.414275571428572,-1.3464121857142857,-0.07090394857142858,-0.050570875714285715,-0.04300051728571429,24.883929428571427,-10.617857714285716,-31.183929714285714,-0.5353457142857143,986.1054342857143,-0.05445687428571428,1754295499805.7144,12847.714285714286,Left
0.28893334,4.794874714285714,8.378212,-1.3287677,-0.2701113142857143,0.1428550857142857,-0.18751366328571425,25.296429714285715,-9.653571857142856,-30.87857142857143,-0.5195117571428571,986.1097885714286,-0.034255949714285715,1754295499901.1428,12943.142857142857,Left
-0.3148270957142857,4.318874,8.814902,-1.3207068142857143,-0.30785403,0.08357938828571429,-0.15398155857142856,24.329464285714288,-8.799107342857143,-30.792858571428575,-0.4563272071428571,986.12036,0.03412636457142857,1754295500004.0,13046.0,Left
-0.40917265714285717,4.045835871428571,8.801399857142858,-1.2803925285714286,-0.3068722771428572,-0.07262745985714285,-0.1805105457142857,25.157144,-7.106250171428571,-31.41964342857143,-0.4307826985714286,986.1267099999999,0.04600781071428572,1754295500103.4285,13145.42857142857,Left
-0.6174336828571428,3.550692414285714,9.521468857142859,-1.3241884857142858,-0.2202603842857143,-0.0022034757142857142,-0.0908006857142857,25.084822857142857,-5.994643142857143,-31.092859,-0.35673314000000006,986.1308171428572,0.06498428,1754295500201.4285,13243.42857142857,Left
-0.5459054171428571,3.7645080857142856,9.470023,-1.2681888428571428,-0.1053305442857143,0.024674572285714284,-0.015053455428571427,25.74642957142857,-4.995535828571429,-31.390179999999997,-0.37777680714285716,986.1306914285715,0.05758409528571429,1754295500304.0,13346.0,Left
-0.4643784971428571,3.9660180857142855,9.302353857142858,-1.2589857285714285,0.061282828,0.08165953000000001,0.025961753571428572,26.201786857142856,-5.493750228571429,-31.818751142857145,-0.40277926571428574,986.1223514285714,0.04997345614285714,1754295500401.5715,13443.57142857143,Left
-0.4959124757142857,3.902950042857143,9.027094428571429,-1.2657915142857143,0.035931939,0.09378955857142857,-0.000785397142857143,26.732143428571426,-5.584821642857143,-31.34464385714286,-0.40756186,986.119592857143,0.05488797114285714,1754295500504.5715,13546.57142857143,Left
-0.493519665,3.84735965,8.945866500000001,-1.2674574625,0.029779657375,0.08534926500000001,0.0042760535,26.934376125,-5.8617187500000005,-32.1351565,-0.405785465,986.1239125,0.055136268,1754295500605.75,13647.75,Left
-0.609571584,3.96658228,8.9136228,-1.2450793,-0.0179899682,0.114598236,0.00091629714,27.3375,-5.7675002,-32.073750800000006,-0.41789970200000004,986.1311519999999,0.06837073199999999,1754295500701.0,13743.0,Left
-0.70481922,4.017948033333333,8.899971,-1.2485464333333334,-0.04871646622222223,0.13036872666666668,-0.0021889327,27.939583333333335,-5.3937500555555555,-30.60208355555556,-0.4228635422222222,986.1205111111111,0.07894109388888888,1754295500800.889,13842.888888888889,Left
-0.9140582666666667,3.9190446333333333,8.886544333333333,-1.230971,-0.08636101,0.20486877,-0.07673989,28.540625333333335,-5.05625,-30.97187633333333,-0.41341928666666666,986.10954,0.10250845833333333,1754295500909.0,13951.0,Left
-1.01904334375,4.03811235,8.872735625,-1.2279284875,0.015290708249999996,0.010270164499999998,-0.06566796250000001,28.8187515,-5.43750015,-30.740626,-0.42461818125,986.1159625,0.11424684,1754295501009.5,14051.5,Left
-1.3104692333333332,3.8370904666666665,9.175876,-1.2458500000000001,0.044338602,0.0009672026666666667,-0.10756309999999998,28.721876833333337,-5.38750005,-30.500000333333332,-0.39264710666666663,986.1263399999999,0.14180852666666666,1754295501104.0,14146.0,Left
-1.41655102,4.12096395,8.50154975,-1.1896595125,0.24278057525,0.0012789980625,0.06984857124999999,28.973437750000002,-5.920312675,-29.896876,-0.4463181775,986.12828625,0.16560746125,1754295501205.25,14247.25,Left
-0.6675975,4.3154557,8.607581999999999,-1.2612850666666666,0.0033343058333333377,0.262977275,-0.22036946666666668,28.293751333333333,-6.4875001333333335,-29.450001333333333,-0.46352908000000004,986.1163233333333,0.07735772,1754295501301.5,14343.5,Front
-0.8452645685714285,3.9487555714285714,8.794649142857143,-1.241335657142857,-0.16497711657142858,-0.1609846862857143,-0.01522798571428571,28.676786571428572,-4.976785942857142,-30.14464357142857,-0.42035022285714285,986.1175342857142,0.09551775428571428,1754295501395.8572,14437.857142857143,Front
-0.26994030375,4.7988805,8.854490875,-1.208350525,-0.163559043,-0.12266927875000001,-0.0343611419375,28.1062515,-5.2265625,-30.41953225,-0.49642789375,986.117485,0.030416297749999998,1754295501502.0,14544.0,Front
-0.6699903433333333,4.455535583333334,8.6992065,-1.1623237499999999,-0.22612178333333333,-0.03527744133333333,-0.19613849333333333,27.515626,-4.4906251,-30.6937515,-0.47195072499999996,986.1245466666666,0.076987619,1754295501602.0,14644.0,Front
-0.5731557945,4.3406548625,8.54574125,-1.1352809375000001,-0.18537836875,-0.056504991250000004,-0.09813924375,28.059375625,-3.1265625,-30.94453225,-0.4687760575,986.13461625,0.06689742277499999,1754295501702.25,14744.25,Front
-0.6341834655714286,3.667940685714286,9.170321357142857,-1.199867,-0.42546731,0.17010402428571428,-0.23503022714285712,28.540178714285712,-1.7571428714285715,-30.680359000000003,-0.38155098000000004,986.1380714285714,0.06559133461428572,1754295501807.4285,14849.42857142857,Front
-2.425040314285714,2.982567885714286,10.747961428571429,-1.2319889142857143,0.35072366,0.8106393914285714,0.03577922,30.066965857142858,-1.3205358142857142,-29.841966285714285,-0.2663257214285714,986.1259057142858,0.21951940571428571,1754295501910.5715,14952.57142857143,Front
-3.1367342428571434,3.037602871428571,8.920528,-1.2774699142857142,0.5351175314285714,1.3547453714285713,0.20228350857142857,35.41875157142857,-4.414285857142857,-27.471430571428574,-0.3061697,986.10488,0.34318818999999995,1754295502004.8572,15046.857142857143,Front
-3.6352958571428573,3.4794205285714286,8.966504142857143,-1.3259366285714285,0.44540769142857145,-0.12555451428571432,0.43713921714285714,36.32142985714285,-7.842857185714286,-27.101787714285713,-0.3480868114285714,986.1044599999999,0.38851278714285714,1754295502110.2856,15152.285714285714,Front
-2.2443822,3.7223774,7.384336142857143,-1.2539281714285715,0.16377720857142858,-0.8052724657142857,-0.062460922571428566,34.28839528571429,-9.653571428571428,-28.61785857142857,-0.4494897414285714,986.0988571428571,0.3017584414285714,1754295502204.8572,15246.857142857143,Front
-2.349552333333333,2.8203402,8.631110333333332,-1.4332674833333332,-0.55481793,-0.103388865,-0.327118095,32.18125083333334,-8.303125066666666,-30.168751666666665,-0.30665927,986.1177133333334,0.2630363433333333,1754295502298.3333,15340.333333333334,Front
-2.535262111111111,3.4672664666666666,8.592294,-1.2673233222222224,-0.10595110000000002,0.6429861,0.33679010266666665,34.72500044444445,-6.047916866666666,-29.252084222222223,-0.3755461577777777,986.1301777777777,0.28553546444444444,1754295502405.7778,15447.777777777777,Front
-1.8564715,4.242235,9.219306,-1.2966373,0.251004372,-0.29220718,-0.07788525760000001,36.217500400000006,-6.9600000600000005,-28.181252,-0.42894024399999997,986.1283,0.20546324,1754295502506.0,15548.0,Front
-1.866800411111111,4.132471122222222,9.271921444444445,-1.3541892,0.5236808311111111,-0.5495237888888889,-0.40496941666666664,32.481250555555555,-9.497916666666667,-30.197918111111115,-0.41185814666666665,986.1160444444444,0.1993798511111111,1754295502606.4443,15648.444444444445,Front
-1.6911274,4.079164433333333,9.061420333333333,-1.3239246,0.32579454333333335,-0.7291180333333335,-0.4811069266666667,31.712501333333332,-8.890625,-30.9656255,-0.4149615866666667,986.0930199999999,0.18408989,1754295502710.3333,15752.333333333334,Front
-1.0927508857142858,3.9949029285714284,9.403964285714284,-1.3843420571428573,-0.049414594285714285,-0.09010254285714288,-0.34077527999999996,30.822321428571428,-9.085714285714287,-31.596429142857144,-0.39782327,986.1060285714285,0.11631395571428571,1754295502805.4285,15847.42857142857,Front
-1.6895037,3.010085371428571,8.581944142857143,-1.4054462285714284,0.139255353,0.15995930485714285,-0.35458517,31.513394428571427,-8.5258936,-31.572322285714286,-0.33157028857142856,986.1091171428571,0.19544622714285714,1754295502901.2856,15943.285714285714,Front
-2.395386414285714,4.1142020142857145,7.7948762857142855,-1.1211257571428572,-0.03224493514285714,-0.08728821342857143,-0.14911645428571427,31.39553685714286,-8.576785842857143,-31.387501714285715,-0.4671411171428571,986.1070285714286,0.2985905914285714,1754295503005.5715,16047.57142857143,Front
-1.4091161714285714,4.630197371428571,8.642362857142858,-1.1514832,-0.320093136,-0.41815876571428573,0.0038833535714285733,30.15268057142857,-7.299107642857143,-32.646429714285716,-0.48629526,986.1148128571429,0.16222060142857142,1754295503104.2856,16146.285714285714,Front
-1.5381576714285714,4.437916657142857,8.40949,-1.0762189857142856,-0.08685188114285713,-0.2020871542857143,-0.11732967000000001,28.735716285714286,-6.450000185714286,-33.52232285714286,-0.4786144528571428,986.1199657142857,0.18244350857142858,1754295503202.0,16244.0,Front
-1.8323039374999999,5.0370413625,8.817476749999999,-0.9995012775,0.013305403749999995,-0.11245638625,-0.029856014975,28.1203135,-6.4968751000000005,-33.79687675,-0.51012620625,986.1248850000001,0.20506191625,1754295503309.875,16351.875,Front
-1.7060826,5.3114681500000005,8.3844505,-0.9877753066666667,-0.06368265333333333,0.3355174733333333,0.12237657666666668,29.615625833333336,-6.837500250000001,-33.7062505,-0.5557402800000001,986.1243033333334,0.20035181999999999,1754295503408.8333,16450.833333333332,Front
-1.4650056857142857,4.6719861,8.741664857142856,-1.138633757142857,-0.044178614285714284,0.3826849714285715,0.28763004285714283,29.93035714285714,-6.905357228571428,-32.49910714285714,-0.4854203257142857,986.1265714285715,0.16627669571428574,1754295503503.2856,16545.285714285714,Front
-0.9891331,4.5314081,8.7595255,-1.24198915,0.21532982875,0.3818859475,0.22979969875,29.634375249999998,-7.8562502,-31.52578275,-0.47467145,986.1228025,0.112431645,1754295503604.5,16646.5,Front
-1.7508283599999999,4.225007100000001,8.0898942,-1.2538126200000002,0.283991032,0.16374230399999998,0.0256563218,28.522501999999996,-10.005001,-29.786251200000002,-0.47151554000000007,986.11275,0.21469008,1754295503698.6,16740.6,Front
-1.9180468000000002,4.532405,8.433902333333334,-1.2894789,0.19534098844444445,0.07376192444444446,0.246823301,31.477083777777775,-11.375000222222221,-30.454167,-0.48229676666666665,986.1211122222222,0.22362770666666668,1754295503798.0,16840.0,Front
-1.4063815333333334,5.1505508,8.565109,-1.3044794166666667,0.23945900499999997,0.021914775000000008,0.37843072000000005,33.3593755,-12.796875666666667,-31.412499999999998,-0.5345517533333334,986.1216666666666,0.163036936,1754295503906.3333,16948.333333333332,Front
-1.8977326875,4.6571057875,8.406285275,-1.283720625,-0.34884195999999995,-0.09109521125,0.16888502,34.3687515,-12.6375,-32.128125,-0.495399,986.1210375,0.22707088050000002,1754295504004.75,17046.75,Front
-1.2947165,3.985246,8.959127,-1.3882918166666667,-0.35269804,-0.48372855,0.07521272250000001,33.140625,-11.140625,-33.7531255,-0.4144333866666667,986.1193883333334,0.14347059666666664,1754295504102.1667,17144.166666666668,Front
-1.1900554625000002,3.6943687125,9.073209875,-1.3875237875,-0.18755457375,-0.22025493125,-0.134943845625,32.43750175,-10.40625,-35.395315,-0.38447910375,986.12695,0.13080423000000002,1754295504204.5,17246.5,Front
-1.28404845,4.4207399,8.3638125,-1.1997737166666667,-0.20420700833333336,-0.19303327,-0.12914699333333332,32.250001,-9.162500666666666,-35.41875099999999,-0.48074578500000004,986.1150033333333,0.152363625,1754295504300.6667,17342.666666666668,Front
-1.08357475625,4.7151318125,8.92747125,-1.1379041125,-0.21769694375,-0.40511787624999995,-0.23665282875,29.859375,-8.3320314875,-37.32421975,-0.4837529775,986.1199349999999,0.122100855375,1754295504403.5,17445.5,Front
-0.7272471714285713,3.9872116714285712,9.364311285714285,-1.2267113714285713,0.009293872857142862,-0.33152504285714285,-0.5170097771428571,28.620536857142856,-7.3125000857142854,-38.274107571428566,-0.4015419242857143,986.1193771428572,0.07986131028571429,1754295504508.2856,17550.285714285714,Front
-0.6150551,2.8445676333333334,9.948160166666668,-1.3565948166666668,-0.24602579,-0.2559014466666667,-0.4039852466666667,27.562501,-6.1406252,-39.159378,-0.2808761716666667,986.13045,0.06320724583333333,1754295504601.0,17643.0,Front
-0.2802593425,3.0642337250000002,9.760323875000001,-1.2804281125,-0.027088038249999995,-0.07330377875,-0.10105994625,26.643751,-4.996875,-40.5750025,-0.30497379,986.132215,0.028283657375,1754295504702.375,17744.375,Front
-0.008118504285714284,3.0623856714285713,9.031622857142857,-1.2740957857142858,-0.027358013428571432,-0.026899868571428582,0.11842050428571428,26.56607142857143,-5.212500085714287,-40.593750285714286,-0.3268228514285715,986.1186185714286,0.0009061472857142866,1754295504809.4285,17851.428571428572,Front
0.6711013142857143,3.2580844428571427,9.457802142857144,-1.323167742857143,0.0866337222857143,-0.023343761428571436,0.2595520791428571,26.27946485714286,-5.817857557142857,-41.56071428571429,-0.33142403571428575,986.1161671428572,-0.07100652285714286,1754295504910.2856,17952.285714285714,Front
0.33345694,3.3052572285714286,8.805416285714285,-1.3057682428571429,0.11002111428571429,0.20834851571428573,0.06036652714285714,26.69732242857143,-6.910714485714286,-41.271429857142856,-0.3584922528571428,986.1188571428572,-0.03698513971428572,1754295505004.8572,18046.85714285714,Front
-0.35037760999999995,3.591797685714286,10.000631857142858,-1.3268256142857144,0.12836887,-0.019787658571428564,0.23625195857142858,27.174108285714286,-8.258036,-41.50714414285714,-0.3432438614285714,986.1200457142858,0.03465471328571429,1754295505110.7144,18152.714285714286,Front
-0.29696639428571425,4.5468757,9.187840828571428,-1.1552810428571427,0.35995207714285715,0.20365794571428572,0.17577633771428572,27.675000285714283,-10.441071714285714,-42.13392857142857,-0.45691048,986.1187628571428,0.05790775714285713,1754295505205.0,18247.0,Front
-0.7862416533333333,4.1499521,8.2458662,-1.1862671166666667,0.118355055,-0.152945275,0.375529126,27.900002,-11.743750166666667,-41.16875,-0.4627856533333334,986.1007149999999,0.10079496466666665,1754295505298.1667,18340.166666666668,Front
-0.17314729555555558,4.488204055555555,8.325095222222222,-1.2554031111111112,0.12926577222222224,0.2286161333333333,0.33791003466666664,25.93750188888889,-13.508334333333332,-41.733334444444445,-0.49394387333333334,986.1081644444445,0.021793132999999996,1754295505405.889,18447.88888888889,Front
-1.06360962,4.42157716,7.4456266,-1.1332267,0.072173672,0.47910124,0.05632173199999999,28.012501000000004,-14.4862504,-41.0775,-0.53158087,986.1102800000001,0.14331238000000002,1754295505507.6,18549.6,Front
-1.2738457333333333,4.554073188888889,7.9750784999999995,-1.1329618,-0.28585077333333336,0.1606235033333333,0.21125740422222222,29.412500555555557,-13.314583777777777,-40.82083466666666,-0.5137529288888889,986.1138,0.15969171444444444,1754295505607.2222,18649.222222222223,Front
-0.40159539333333333,4.591228466666666,9.007382333333334,-1.2613049166666668,-0.28160866,-0.3220784566666666,0.3760891,28.096875999999998,-12.459376,-41.606250499999994,-0.47099894666666664,986.115225,0.04524223333333333,1754295505711.6667,18753.666666666668,Front
0.3724257578571429,4.988266071428571,9.041194857142857,-1.2767007,-0.09099703428571428,0.04474584857142859,0.2352265857142857,27.283929142857144,-12.468750571428572,-42.03214285714286,-0.5033469785714286,986.1126471428571,-0.041114700857142854,1754295505805.0,18847.0,Front
-0.23253109,4.677540700000001,9.136651,-1.2492196142857144,-0.05748673571428571,0.30534512857142854,0.024347324857142857,27.267858285714286,-11.90625,-41.83392942857143,-0.47342263142857144,986.1147885714287,0.025036058857142857,1754295505903.1428,18945.14285714286,Front
-0.3614016842857143,4.4555210857142855,9.329444142857142,-1.2980679,0.06235183942857143,0.17313653171428572,0.06747874142857142,28.058036857142856,-12.32678657142857,-41.933037,-0.4452702214285714,986.1245871428572,0.038707122,1754295506004.5715,19046.571428571428,Front
0.4857430142857143,2.9660746857142857,10.512354,-1.6388726142857144,0.323867416,0.03263763057142857,0.07592176714285714,27.500894,-13.291072428571429,-41.059822714285716,-0.2749155542857143,986.1236457142858,-0.046515942857142854,1754295506102.8572,19144.85714285714,Front
0.10630970000000002,3.1669007571428573,9.54240542857143,-1.609943142857143,0.2792742928571429,0.3664316028571428,-0.1892153657142857,28.636609142857143,-14.748215285714284,-40.90178628571429,-0.32069622571428574,986.1176085714286,-0.010255784285714288,1754295506199.2856,19241.285714285714,Front
-0.8619395875,3.31032055,8.7361201875,-1.51124445,0.05492056125,-0.0381217775,-0.29399776,28.450782625000002,-14.955469375,-41.03437575,-0.3603250175,986.105725,0.09836356125,1754295506308.25,19350.25,Front
-1.07557375,3.82402965,8.1293156,-1.3397660833333334,0.18733186333333332,-0.15159627666666667,-0.135306546,28.331250999999998,-14.987500333333335,-41.237501333333334,-0.43873699,986.1084416666667,0.131311305,1754295506405.8333,19447.833333333332,Front
-0.91115267,4.383565542857142,7.979294528571429,-1.2301505857142858,0.04721112028571429,-0.29426229571428575,-0.089404422,27.206250285714287,-15.053572428571428,-41.24196657142857,-0.5001549599999999,986.1060285714285,0.11405228857142857,1754295506500.1428,19542.14285714286,Front
-0.80398842,4.49013165,9.2306125,-1.2867454875,-0.16716696275,0.019433136625,0.016054289625000003,25.523438625,-14.095312875000001,-41.6015645,-0.45134841,986.1210975,0.08727515,1754295506604.375,19646.375,Front
-0.9675977033333334,4.613960283333333,9.324431,-1.25134475,0.12415826533333334,0.05136354666666667,0.25279620633333333,27.140626,-13.340626,-41.878125000000004,-0.4592229083333333,986.1196333333334,0.10112438949999998,1754295506707.5,19749.5,Front
-0.6148806375,5.1074050374999995,8.146813,-1.1234275,0.0006872174999999967,0.17279838175,0.2376264055,25.22109375,-14.28984425,-41.25234475,-0.55791611125,986.113525,0.073659829375,1754295506801.625,19843.625,Front
-1.4624134333333334,4.234698,9.191429999999999,-1.23819975,-0.250989075,-0.097891075,0.11308634099999999,26.300000999999998,-13.11875,-41.46250166666667,-0.42910772333333336,986.1111733333333,0.15763196000000002,1754295506906.6667,19948.666666666668,Front
-0.9781410375,4.046935899999999,8.72998875,-1.2550119625,0.060112908750000006,0.049537315,0.221572119375,26.784376,-12.3937505,-41.3812515,-0.43209353875,986.1123924999999,0.11085423124999999,1754295507003.875,20045.875,Front
-1.1425727666666665,3.9292141666666667,8.829715,-1.2460661166666667,0.11056652500000001,0.18982623499999998,0.0729219825,25.25312683333333,-12.125001,-41.09375,-0.41584319,986.1216450000001,0.12861736333333332,1754295507101.1667,20143.166666666668,Front
-0.8701898288888888,4.130211155555555,9.090333444444445,-1.3020365888888887,0.19785231411111112,0.30712923333333336,-0.06975736222222223,25.32708511111111,-12.756250666666666,-40.02083533333334,-0.42729542,986.1312555555555,0.09683041111111111,1754295507209.6667,20251.666666666668,Right
-0.91226362,4.17511688,8.530173600000001,-1.2528300399999999,0.008460477599999999,-0.10369429999999999,-0.144255718,26.913752,-12.6862508,-40.072502799999995,-0.45536692,986.1214960000001,0.10748380799999999,1754295507307.8,20349.8,Right
-0.99601247,4.301771875,8.9893109375,-1.2117676625,-0.08183679125,-0.21802146875,-0.2709376175,25.82343775,-11.67421975,-40.420312875,-0.4436914625,986.1109,0.11021144912500001,1754295507402.375,20444.375,Right
0.10579693714285712,4.007892542857143,9.294663,-1.3016100142857143,0.000719950000000001,-0.2825249657142857,-0.32982335714285715,24.894644,-10.256250428571429,-41.357142857142854,-0.4082621,986.1094771428571,-0.00999642685714286,1754295507506.2856,20548.285714285714,Right
1.0782656666666666,3.6518461,8.897113333333333,-1.4025271000000001,0.23961171666666667,-0.22133666666666665,-0.6310233099999999,25.368750000000002,-9.7968755,-41.034376,-0.3872686,986.1106666666666,-0.12208030333333335,1754295507600.5,20642.5,Right
1.276720425,3.51251405,9.28265625,-1.4261070875,0.1598747675,-0.50869766375,-1.20962677,24.26953225,-9.84609375,-42.42656275,-0.35875878,986.11083,-0.136756545,1754295507701.5,20743.5,Right
1.1012965714285714,3.2182610142857144,9.632393285714286,-1.4452401428571429,0.19792018142857143,-0.8450441571428572,-1.4206096428571426,20.124107285714285,-10.052678571428572,-42.79285900000001,-0.32054829428571424,986.1097285714285,-0.11395198628571428,1754295507806.7144,20848.714285714286,Right
0.5910271928571429,3.3758454857142857,9.345596285714285,-1.327824157142857,0.11896591142857142,-0.9183697542857142,-1.6254020714285713,17.839287285714285,-10.020535714285714,-44.01428871428571,-0.3459713071428571,986.1093028571429,-0.06352638571428572,1754295507908.2856,20950.285714285714,Right
0.11220629285714286,3.420198085714286,9.214247,-1.2367627428571428,0.047145668571428566,-0.9567669714285714,-1.7744094714285714,14.753572571428572,-10.639286142857143,-43.77321557142857,-0.3558937714285714,986.1063142857143,-0.0118980076,1754295508004.2856,21046.285714285714,Right
-0.31081056285714287,3.4977939142857144,9.065550285714286,-1.1602329900000001,0.042673268,-0.8825687142857143,-1.9043490857142855,12.120536428571429,-12.10446442857143,-43.309822000000004,-0.3678874985714286,986.1063428571427,0.035235554485714284,1754295508110.7144,21152.714285714286,Right
-1.5479853142857143,3.622220714285714,8.563229,-0.6657527157142857,0.06392263714285715,-0.8419680414285714,-1.7400046857142857,12.152679142857142,-13.047321428571427,-43.411608,-0.39367163714285713,986.1002728571428,0.1777426757142857,1754295508204.4285,21246.428571428572,Right
-2.123231333333333,4.420341133333333,8.882157666666666,-0.03323544106666667,0.088346319,-0.578183505,-1.2291363,10.631250333333334,-12.675000000000002,-43.675000000000004,-0.4501047866666667,986.1093333333333,0.23454862333333334,1754295508298.8333,21340.833333333332,Right
-2.7468939333333333,4.871587399999999,9.032506222222223,0.08806506711111112,-0.05720070000000001,-0.1886554066666667,-0.8399051277777778,12.231250444444445,-12.825000666666666,-43.65416666666667,-0.4760526366666667,986.1097000000001,0.29515537555555554,1754295508403.889,21445.88888888889,Right
-1.9747965399999998,3.8956348800000002,9.1463256,-0.5997262284,0.13866630600000002,-0.285182222,-0.346665762,12.513751,-12.948750999999998,-42.9037512,-0.39365643200000006,986.1140599999999,0.212304564,1754295508505.2,21547.2,Right
-1.0256568222222222,3.8696595444444446,8.672851999999999,-0.9374121733333334,0.07062275666666668,-0.21517711555555555,-0.31771756333333334,12.952083888888888,-12.906251000000001,-42.53541822222222,-0.4180385,986.117971111111,0.11502473666666667,1754295508602.7778,21644.777777777777,Right
-0.8600203333333334,4.0827535,8.422935333333333,-0.854447425,-0.07063124,-0.177990725,-0.27496551,13.696876000000001,-11.262500166666667,-42.2968755,-0.45037696,986.1083866666668,0.10069205666666665,1754295508710.5,21752.5,Right
-0.7765563857142856,4.493464571428572,8.779608285714286,-0.7745650471428572,-0.08279399285714285,-0.17001676285714287,-0.2965966685714285,14.330357714285714,-9.859821428571427,-42.018750000000004,-0.47164883714285716,986.1085,0.08815349771428571,1754295508804.2856,21846.285714285714,Right
-1.0255808714285715,4.508590414285715,9.319189571428572,-0.7846942428571427,-0.0013089958857142858,-0.18391392999999998,-0.3609338342857143,15.294643428571428,-8.558035828571429,-41.05982142857143,-0.44885789285714284,986.1030871428571,0.10975887457142856,1754295508899.2856,21941.285714285714,Right
-0.58948895,3.9773838857142856,9.698964285714286,-0.9109198271428571,0.022383831142857143,-0.20538147,-0.37371834571428575,15.171429142857141,-5.764285771428571,-39.2625,-0.3882034457142857,986.1185542857144,0.06079919714285715,1754295509004.5715,22046.571428571428,Right
0.013587814285714286,3.351233514285714,9.390376285714286,-1.0231051,-0.015075269999999998,-0.42147486,-0.3060214442857143,15.723214857142858,-3.1553572,-37.39017857142857,-0.34293845142857143,986.1175385714286,-0.0010977782857142858,1754295509100.8572,22142.85714285714,Right
0.08109959528571428,3.344824228571429,8.728076285714286,-0.9343292785714287,0.09983276028571429,-0.1658279757142857,-0.2931278328571429,15.964286428571429,-0.8625,-36.04553571428572,-0.36753537285714283,986.1119685714285,-0.008450523142857142,1754295509198.7144,22240.714285714286,Right
-0.02116152875,3.8182720125,9.06326425,-0.8027853549999999,-0.014928007,-0.094111347875,-0.10218622625,16.624219125,2.50078134375,-35.26171875,-0.39856296125,986.1167025,0.002468425875,1754295509307.375,22349.375,Right
0.015254245,3.89581435,9.316156000000001,-0.7835905233333333,0.23889903,-0.024994549666666668,0.04505128,17.943751333333335,5.4125000000000005,-33.9375,-0.39616930499999997,986.1275999999999,-0.002057067000000001,1754295509405.5,22447.5,Right
-0.07754240575,4.1169261625,8.909002375,-0.726301515,0.1969275255,-0.056562260125,0.0690086325,19.44375,8.608594,-32.40234575,-0.43673649,986.12445,0.009258278475,1754295509508.125,22550.125,Right
-0.23569303699999997,4.0574582,9.776902714285715,-0.6798766657142857,0.06900589657142855,-0.22828889292857144,0.1118318857142857,21.262500142857142,14.14821442857143,-31.60446457142857,-0.39406314000000003,986.1228742857144,0.025312332028571426,1754295509610.5715,22652.571428571428,Right
0.5859424566666667,3.9464624666666666,8.693224833333334,-0.7082957,0.19186243999999997,-0.24078254116666667,-0.06587158,22.5750005,17.6812505,-32.6625,-0.42534848666666664,986.1195333333334,-0.06885239216666666,1754295509706.6667,22748.666666666668,Right
1.0768449375,3.3234811499999997,8.7142115,-0.70109905625,0.0423023825,-0.025121817499999997,-0.4460076425,23.9671885,23.36015625,-36.77812575,-0.3629329625,986.12133625,-0.1245316375,1754295509801.375,22843.375,Right
1.5527424666666667,3.4189448,8.636295666666667,-0.6763074800000001,0.04375318500000001,-0.30688319999999997,-1.0105231000000001,25.68437683333333,29.512501166666667,-41.6843775,-0.37234906333333334,986.11946,-0.17744866666666667,1754295509904.5,22946.5,Right
1.2628121625,3.2691191375,9.3975115,-0.5146077875,-0.026076291,-0.6512773275,-1.6119576500000001,21.2906255,36.2718765,-46.3500015,-0.33213463875,986.120325,-0.13448392,1754295510002.625,23044.625,Right
0.24466612666666668,3.1088748,9.693124666666668,-0.16960965449999998,-0.07742711000000001,-0.80993035,-2.027842,8.037499983333333,39.78125,-52.7375005,-0.30994167666666667,986.1192333333333,-0.02499749533333333,1754295510100.8333,23142.833333333332,Right
-0.5966104544444444,3.683949855555556,9.067069888888888,0.25866397855555556,0.06385233888888889,-0.7600006288888889,-1.7714230444444443,-9.939583355555555,33.11666711111111,-56.79583655555555,-0.38571524444444444,986.1167266666666,0.06535916466666666,1754295510209.7778,23251.777777777777,Right
-0.396490724,4.26496702,8.772088,0.520303258,-0.081672618,-0.685604096,-1.49826806,-22.432501600000002,21.671250399999998,-56.4675024,-0.4522127,986.106344,0.045075441,1754295510308.0,23350.0,Right
-0.21774685875,4.247858425,9.171763875,0.71898866,0.010155626875,-0.6259645899999999,-1.2049117,-28.422656500000002,12.9257819375,-54.307033499999996,-0.43384115375,986.111625,0.0237161125,1754295510402.5,23444.5,Right
-0.001794618571428565,4.238885214285714,8.551435857142858,0.9291380257142857,0.12151845714285714,-0.3780162142857143,-0.9691369599999999,-32.906252,1.7116072857142857,-52.28839428571429,-0.4601398142857143,986.1101,0.000637524000000001,1754295510508.1428,23550.14285714286,Right
-0.44207399166666667,4.386342916666666,8.742875833333333,1.1836722,0.046349367499999995,-0.38751735,-0.70028013,-34.068752,-7.425,-49.900002666666666,-0.4644681016666667,986.1041633333333,0.050316326,1754295510599.6667,23641.666666666668,Right
0.027517465000000005,4.721188550000001,9.06236775,1.3780166999999999,-0.007807616250000003,-0.25289802375,-0.4228902275,-35.903906500000005,-16.021875875,-45.58359575,-0.48125218000000003,986.110605,-0.0049542499999999995,1754295510699.25,23741.25,Right
-0.5239427028571428,3.9451664428571434,9.751264857142857,1.6588023142857142,-0.10609412571428571,-0.4039779671428571,-0.4217803114285714,-30.787501,-20.879465142857146,-45.68035857142858,-0.3839028942857143,986.1213285714285,0.053624927142857146,1754295510806.0,23848.0,Right
-0.5659879714285715,3.323716214285714,8.656121285714287,1.844423542857143,0.04985093028571429,-0.06859138642857142,-0.4662425371428571,-29.27410857142857,-26.175001142857145,-45.09910714285714,-0.3661906014285714,986.1229757142858,0.06518162642857143,1754295510907.4285,23949.428571428572,Right
-0.9920813285714285,3.4303676285714286,8.833446142857143,1.9771343714285714,0.051312639714285714,0.23705916857142856,-0.3845175642857143,-25.518750142857147,-29.828573428571428,-44.25,-0.36828404571428575,986.13271,0.11247984142857144,1754295511003.2856,24045.285714285714,Right
-1.630366742857143,4.383138357142857,8.3342865,1.9722379285714287,0.05523962771428571,0.7220858114285714,-0.2361646842857143,-19.711607428571426,-34.15446571428571,-45.10178571428571,-0.4760059228571428,986.1384242857142,0.1935465285714286,1754295511107.5715,24149.571428571428,Right
-2.3569302714285714,4.170860714285714,8.209432714285715,2.0600087714285715,-0.10805761857142858,0.5530071757142857,-0.21583161714285715,-13.583036714285713,-35.49910885714285,-46.78928742857143,-0.45382763428571427,986.1263657142857,0.2796309028571428,1754295511201.7144,24243.714285714286,Right
-2.2344975000000002,4.611766733333333,8.723035,2.1271704000000002,-0.06856956500000001,0.0030543249999999966,-0.22472188,-10.537501,-36.737503,-46.300000000000004,-0.4731911133333333,986.1185599999999,0.25097181333333335,1754295511297.1667,24339.166666666668,Right
-2.651446755555556,3.776738311111111,9.447927166666666,2.3431766111111108,-0.13026691333333332,0.1534628011111111,-0.16936225666666666,-9.668750888888887,-38.85833433333333,-46.20000022222222,-0.36729007333333336,986.1145533333333,0.2743409388888889,1754295511401.4443,24443.444444444445,Right
-2.12817646,3.5012978400000003,9.4055876,2.4501702,-0.142850724,-0.218323086,-0.058368126799999996,-8.4075,-38.9287518,-45.6487508,-0.34790138800000003,986.119868,0.22209313000000003,1754295511501.0,24543.0,Front
-1.5053512800000002,3.5335343555555556,8.36005688888889,2.4510653444444443,0.06772114555555556,-0.4621531466666667,0.08737063211111111,-9.045833777777778,-39.264585,-44.08958422222222,-0.3951270466666667,986.1247888888889,0.17640203222222223,1754295511601.2222,24643.222222222223,Front
-1.0161520133333333,3.7938204,8.574480666666666,2.4513781,-0.26328272,-0.254272465,0.06719512500000001,-10.306250166666667,-39.19375,-44.112502,-0.4148007866666667,986.12916,0.11766126333333334,1754295511707.3333,24749.333333333332,Front
-1.297283725,3.7047625374999997,8.741131124999999,2.4230662124999998,-0.193854125,-0.12438734125,0.17594814125,-11.08125,-38.718751499999996,-43.059375,-0.39814180125,986.1189637499999,0.14750116124999998,1754295511808.375,24850.375,Front
-1.2185449333333331,3.3878380666666668,9.957333,2.5344008666666666,-0.18147774166666666,-0.04342230333333333,0.19993095000000002,-9.268750666666667,-36.56875,-44.025001,-0.32585899999999995,986.1264216666667,0.12208021666666667,1754295511905.3333,24947.333333333332,Front
-1.065479075,3.3593734250000002,10.21473525,2.5720618749999997,-0.022811979375,0.006719517499999994,0.3524880625,-9.140625,-35.826564375,-42.799220375000004,-0.31557986250000003,986.13391375,0.10414325125000001,1754295512009.0,25051.0,Front
-1.2544372666666668,2.7433712666666668,9.432107333333335,2.5668803,0.09842558833333333,-0.086411915,0.2875391366666667,-9.200000000000001,-35.537501999999996,-42.46875,-0.2832364133333333,986.1239916666667,0.13061082,1754295512105.1667,25147.166666666668,Front
-1.2017951571428573,2.905741285714286,8.606384142857141,2.5300076714285713,0.07066396642857144,0.04531307414285714,0.16637339,-8.651786571428572,-35.26607385714286,-42.37500057142857,-0.32270431714285713,986.1184442857142,0.13844404999999999,1754295512198.4285,25240.428571428572,Front
-0.5213362125000001,3.505335675,8.4106975,2.578614625,-0.032719446375,0.08773545162499999,-0.005841393000000001,-7.5328129875,-34.816407375,-42.28593825,-0.3950750625,986.126275,0.062333571125,1754295512306.125,25348.125,Front
-0.371784825,3.5551361999999997,9.0496555,2.7045378,-0.00397062333333333,-0.061748250000000005,-0.16269365666666666,-5.6875,-33.668752,-42.5875,-0.37393684,986.1344399999999,0.041155988,1754295512405.0,25447.0,Front
-0.8263463499999999,3.465629775,9.326699,2.718157375,-0.061048298749999994,0.004734196250000003,-0.33427666375,-4.504687612500001,-34.258595,-41.467969875,-0.35445684499999996,986.1327,0.088000712125,1754295512506.375,25548.375,Front
-0.41831667857142857,3.027775242857143,10.019261285714284,2.851812628571429,-0.22113304842857143,-0.21945317142857143,-0.41619525714285716,-4.025893042857143,-33.49285928571428,-41.07053857142857,-0.29618564857142854,986.1454571428573,0.042828346142857146,1754295512610.1428,25652.14285714286,Front
-0.09202397166666666,2.266999966666667,9.489735,2.9658853,0.14538582233333333,-0.33001970666666663,-0.31576618666666667,-3.7593750500000005,-33.7875,-40.425001,-0.23465459999999996,986.1448533333333,0.010155036333333334,1754295512708.1667,25750.166666666668,Front
-0.5120640375,2.3152055000000002,9.119869625,2.891867475,-0.04249327749999999,-0.2448422425,-0.284128475,-3.7804687625,-34.14140725,-39.81093825,-0.24821365750000002,986.1250562500001,0.05526339375,1754295512801.25,25843.25,Front
-0.44885363333333334,2.6833512,9.616155666666666,2.8510571833333334,-0.12835796,-0.11873684,-0.033368489999999994,-4.437500066666667,-32.796877,-39.915625,-0.2717768566666667,986.1263,0.04654341733333334,1754295512904.3333,25946.333333333332,Front
-0.47684469,3.0720851750000002,9.496963749999999,2.8410013249999997,0.080920494375,-0.015977931249999997,0.041844238125,-3.7687502999999998,-31.762501999999998,-38.934375,-0.3128344925,986.1233025,0.0492579505,1754295513002.625,26044.625,Front
0.1463609733333333,3.2424741666666663,9.458229333333334,2.988020966666667,0.003512472499999999,0.0630717885,0.18417573500000003,-3.581250133333333,-31.656250333333332,-38.225001,-0.3300613333333333,986.1271683333334,-0.018011830000000003,1754295513101.8333,26143.833333333332,Front
-0.7359259133333333,2.7341987555555556,10.150220666666666,2.8507644,0.02115967722222222,-0.028490055222222224,0.20479241111111113,-3.6479168222222222,-30.80208411111111,-37.35833433333333,-0.2661394633333333,986.12476,0.06752504766666667,1754295513209.2222,26251.222222222223,Front
-0.151824601,2.73021064,9.0664048,2.86811442,0.0460897486,-0.0088880834,0.28994696400000003,-4.38750034,-29.932499999999997,-37.308749999999996,-0.29245617,986.1219279999999,0.016865428000000002,1754295513307.4,26349.4,Front
-0.15785151375,2.667847675,9.031784,2.8712331125,-0.08166498775,0.005402334874999999,-0.0906561525,-4.36171915,-29.61093825,-36.90703225,-0.28754332374999997,986.1229900000001,0.01703599075,1754295513402.125,26444.125,Front
-0.6233302857142856,2.4505066285714285,9.203479571428572,2.8292510857142856,-0.07502728285714286,0.21978041571428572,-0.06780599085714287,-3.5276788,-28.998216285714285,-37.00714285714286,-0.26038972714285713,986.1188957142857,0.06740595771428572,1754295513505.1428,26547.14285714286,Front
-0.9610174166666668,2.94486685,9.210472333333334,2.743893083333333,-0.23411391999999998,0.20194171000000002,-0.20133083433333335,-2.6437500000000003,-28.05000133333333,-37.525,-0.30771203333333336,986.1151100000001,0.103701641,1754295513600.6667,26642.666666666668,Front
-1.339980675,2.4969103500000003,9.73385275,2.8064986125,-0.06530526125,0.27328563375,-0.12959877125,-0.91875,-28.01484475,-38.20781325,-0.2505765875,986.1182200000001,0.13787436250000001,1754295513698.25,26740.25,Front
-1.1313778285714287,2.6432998142857143,8.921980714285715,2.8069680142857143,0.08901172599999999,-0.3335321628571429,-0.2578940185714286,-1.336607142857143,-28.513393142857144,-36.58125028571429,-0.2859699142857143,986.1179571428572,0.12668659,1754295513806.2856,26848.285714285714,Front
-0.20296263542857143,2.245749542857143,10.198979142857143,2.978832657142857,-0.0032288565714285724,-0.48899724857142857,-0.29144794714285716,-2.740178571428572,-29.244644285714287,-35.82857142857143,-0.21708765857142856,986.1231571428572,0.0192676738,1754295513906.2856,26948.285714285714,Front
0.05819686828571429,2.2331018142857144,9.333803000000001,3.008783128571429,0.062460921428571424,-0.3304560285714286,-0.3514217828571429,-3.0160715,-30.14732342857143,-36.42589485714286,-0.23484469857142856,986.12441,-0.0062597594428571435,1754295514004.4285,27046.428571428572,Front
0.3370461571428572,1.946133942857143,10.507739428571428,2.1471979,-0.14165518142857142,-0.09579668571428575,-0.23195408,-3.294642857142857,-29.951787142857142,-35.209821999999996,-0.18382148142857144,986.1328471428571,-0.030368440571428568,1754295514106.0,27148.0,Front
-0.5136022828571428,2.3073646714285716,9.421995714285714,3.0051542,0.09745475214285713,0.2822631657142857,0.017278748285714286,-0.8035714285714286,-28.824107714285713,-35.08125114285714,-0.23969293285714285,986.12392,0.054503578857142854,1754295514202.2856,27244.285714285714,Front
-0.12434131857142858,2.8314782857142857,9.248344714285713,3.033012471428571,0.13057235057142857,-0.14270237857142856,0.01189004714285714,-1.6607142857142858,-30.115178571428572,-34.96339285714286,-0.29849684285714284,986.1127857142857,0.012249903714285715,1754295514305.5715,27347.571428571428,Front
-0.18753746999999998,2.62851575,9.4663055,3.0649259,0.023880994125000003,-0.062327301249999995,0.03857992875,-0.8554687625,-30.103126375000002,-34.825781625,-0.27204878,986.11307125,0.019282934,1754295514407.5,27449.5,Front
-0.41395832199999993,2.9219953,9.631829200000002,2.95410886,0.022449280000000005,-0.188879394,0.195629446,-2.1225001,-29.6737504,-33.4200012,-0.294207136,986.1196739999999,0.0422940636,1754295514501.0,27543.0,Front
-0.5292126077777778,2.845265488888889,9.200868444444446,2.8762983555555555,-0.08394300222222223,0.04457616111111111,0.32389408666666664,-2.8583334333333337,-28.918751333333333,-33.91250088888889,-0.3001223622222222,986.1253355555556,0.057087322777777776,1754295514600.889,27642.88888888889,Front
0.07018947666666664,2.4221347333333334,10.117851333333334,2.9451979666666666,-0.0692568,-0.068111425,0.30527968,-4.250000033333333,-28.721875999999998,-33.43125,-0.23376508,986.1340333333333,-0.0037680316666666666,1754295514708.3333,27750.333333333332,Front
0.41575293150000003,2.6105693875,9.185747375,2.9466134625000002,0.07765618625,-0.042416924999999994,0.24310509345,-5.0625,-27.946875,-33.909375,-0.27716720125,986.13691,-0.045299930925,1754295514810.875,27852.875,Front
-0.141176538,2.447059933333333,9.502696333333333,2.8336145,-0.1084284995,0.10850485199999998,-0.019038619333333333,-5.4437502,-27.750001333333334,-33.218752333333335,-0.25204384333333335,986.13163,0.014445854933333335,1754295514905.5,27947.5,Front
-0.15224333875,2.631207625,9.48118575,2.77818235,0.049155526125,0.2890917545,0.007368554749999998,-6.817969,-28.982814,-32.42578275,-0.27091960375,986.1536550000001,0.016194838,1754295515006.5,28048.5,Front
-0.3814558066666667,3.052244733333333,9.335199000000001,2.7286650333333333,0.14210241999999998,-0.23887357499999998,0.11306089333333331,-6.0375002,-28.156251333333334,-32.343750666666665,-0.31554440666666667,986.10884,0.041347243,1754295515103.3333,28145.333333333332,Left
-1.54294324,3.2238158,9.839371857142856,2.602194728571429,0.08637192571428572,0.18672828000000002,0.22979423428571427,-6.575893214285714,-29.60892942857143,-32.16160885714286,-0.31207303000000003,986.1045700000001,0.15510203800000003,1754295515197.0,28239.0,Left
-1.6956139375,3.1211380625,9.8371926875,2.5034038875,-0.0546723925,-0.0899880175,0.7198850349999999,-8.0273439375,-28.55390775,-32.51718875,-0.30313632375,986.108525,0.17134847250000002,1754295515304.375,28346.375,Left
-0.7140581266666667,2.879163866666667,9.276773833333332,2.4895716833333332,0.22204935,-0.04897098666666668,1.0898846,-10.321875499999999,-27.018750999999998,-31.912501000000002,-0.30126935,986.12025,0.07427695333333333,1754295515403.3333,28445.333333333332,Left
-0.4064059875,2.6551357375,9.007107874999999,2.4220805,0.10506874324999999,0.36478173125,1.1138547,-11.835937874999999,-25.1296875,-32.10468975,-0.2864773575,986.1287,0.0465244095,1754295515505.625,28547.625,Left
-0.1384418842857143,2.6945746571428573,9.131267857142857,2.2995760714285716,0.1773689557142857,0.44300786,1.3273873714285713,-13.197322285714288,-22.411607428571426,-32.949107285714284,-0.2874144885714286,986.1290714285715,0.016550368714285713,1754295515608.8572,28650.85714285714,Left
-0.0044865408000000035,2.60777785,9.373782833333333,2.1797912,0.16075924333333333,0.32996879333333334,1.5085815333333332,-13.978125499999999,-19.837502,-34.603126499999995,-0.2715384183333333,986.1391600000001,0.0010344722333333334,1754295515704.3333,28746.333333333332,Left
0.10259227500000001,2.04885435,9.697511500000001,2.105425675,0.081664984825,0.3696495425,1.597258625,-14.775000625,-16.113282125,-35.083594500000004,-0.20839297499999998,986.13589375,-0.0110114345,1754295515799.5,28841.5,Left
0.06719843333333332,2.0412771666666667,9.797612,1.8029398,-0.04390590785,0.280386935,1.6325361,-16.3500015,-11.565624999999999,-36.415625,-0.2054161333333333,986.1412666666666,-0.006936233,1754295515902.6667,28944.666666666668,Left
0.42966122625000003,1.9162770875000001,9.488962812499999,1.5283429625,0.0900261965,0.347887485,1.51818985,-15.656250499999999,-7.18125,-37.565625,-0.19911019624999998,986.139475,-0.04523971,1754295516000.5,29042.5,Left
0.2995016366666667,2.2877379666666666,9.283952666666666,1.0267612833333333,0.022754713,0.57138765,1.3277145499999998,-12.25625,-2.9875000000000003,-39.8062525,-0.24157989666666668,986.1348833333333,-0.03217018533333333,1754295516100.0,29142.0,Left
0.3154538,2.4946505666666665,9.543174666666665,0.66012004,0.032324927222222216,0.4793591777777778,1.1486633666666668,-9.556250066666667,0.06875001333333329,-41.28958333333333,-0.25557552555555557,986.1320755555555,-0.03297569377777778,1754295516206.5557,29248.555555555555,Left
0.44554358800000005,2.5536203399999997,9.689376200000002,0.36208303599999997,0.12030982099999998,0.23023493199999998,1.02606956,-7.38375046,3.16500002,-43.6125,-0.25743225000000003,986.1229599999999,-0.0459881818,1754295516306.2,29348.2,Left
0.855583675,2.5310829125,9.626625125,0.1397274975,0.18196134875,0.20452516125,0.71805244375,-6.0843754625,3.103125125,-44.69531325,-0.2568947225,986.120175,-0.08787122075,1754295516400.25,29442.25,Left
1.8130759285714286,2.1253392142857144,10.097369857142857,-0.20264518857142857,0.16986404714285716,-0.1505563528571429,0.4791361571428571,-5.691964571428572,2.823214357142857,-45.71250171428572,-0.20452001142857143,986.1317428571429,-0.17874184285714284,1754295516504.5715,29546.571428571428,Left
1.9969102833333334,2.5974091,9.25474,-0.35987163,0.2354374733333333,0.11428262,0.5255473266666667,-4.5062500000000005,1.9562500666666667,-45.712501,-0.26811945666666664,986.1236533333334,-0.21260704166666666,1754295516599.3333,29641.333333333332,Left
2.016700775,2.7707391,8.988040000000002,-0.39244899125,0.038179049125,0.105908687375,0.3414161325,-4.0359375,1.7414063249999998,-46.054687875,-0.29221257749999996,986.1169375,-0.220770105,1754295516697.5,29739.5,Left
2.220283014285714,3.0870831285714284,8.494691428571429,-0.47212495,0.028732461857142854,0.14529855085714286,0.3023344428571429,-2.9169643,2.3705357428571427,-46.18660857142857,-0.33824821714285713,986.11499,-0.25598986,1754295516804.8572,29846.85714285714,Left
1.5129475,2.9198418,8.833874,-0.32964103285714286,-0.04022981042857143,0.316689752,0.29301876,-2.1723214714285715,2.5339286857142858,-46.848215428571436,-0.3149518714285714,986.1129585714286,-0.1697480957142857,1754295516903.1428,29945.14285714286,Left
1.7600064714285715,3.2485131714285713,9.396187571428571,-0.38677904857142853,-0.22689262857142856,0.1390371837142857,0.3391172271428572,-1.2000000514285714,3.6535714571428572,-47.059822571428576,-0.3281863342857143,986.1225000000001,-0.18565187428571428,1754295517000.0,30042.0,Front
0.973430135,3.657728475,9.57188875,-0.2170348375,-0.151246295375,0.17877339125,0.283288554375,0.11484374749999998,5.3343752250000005,-47.400001875,-0.3632689375,986.1166875,-0.0996170175,1754295517109.875,30151.875,Front
0.43190448,3.15553485,9.103194499999999,-0.14497354333333332,-0.07483093333333334,0.07737620666666667,0.0773253,0.8312500066666667,5.987500366666667,-47.712501,-0.33493343,986.1328833333333,-0.047789171500000005,1754295517206.8333,30248.833333333332,Front
0.51719152,3.215868142857143,9.52676714285714,-0.19292861,-0.09852376028571429,0.01588248514285714,0.07472185228571428,1.7357143571428573,7.296428971428571,-47.678574714285716,-0.3251942885714286,986.1337428571429,-0.054469951571428574,1754295517302.0,30344.0,Front
0.6188437499999999,3.1657043500000004,9.2892365,-0.2549466975,-0.048544660125,0.15296436224999999,-0.103293412,2.5007813125,6.7453128875,-48.56719125,-0.32787646000000004,986.1282337499999,-0.0668202525,1754295517406.625,30448.625,Front
0.021894324,3.0760931400000002,9.113065,-0.170457802,-0.101708986,0.23997823199999999,-0.136833708,3.65250006,6.57000012,-48.6412508,-0.325549476,986.13452,-0.0019665039999999996,1754295517500.2,30542.2,Front
0.23908286888888894,3.300034777777778,9.615424722222222,-0.2642633711111111,-0.040944907777777775,0.15760311222222223,-0.12665263277777777,5.075000011111111,7.500000222222222,-48.88541844444445,-0.33038089000000004,986.1323355555555,-0.024183512555555554,1754295517599.889,30641.88888888889,Front
0.41216371333333335,3.0143584000000003,9.579665166666667,-0.38934591,0.1456148935,-0.023518294999999995,-0.19410229,6.381250333333333,6.190625266666667,-50.078125666666665,-0.30403891,986.1480166666666,-0.04284256,1754295517708.0,30750.0,Front
0.7445417187500001,3.0198917,9.798534375000001,-0.42354171875,0.1111010255,-0.32473190375,-0.18249585125,4.884375,4.875,-50.1656285,-0.296834445,986.15226,-0.075548284375,1754295517809.0,30851.0,Front
-0.33559338999999994,2.1637098666666668,8.910074,-0.16954851833333331,0.11323905841666666,0.050218176333333336,-0.446389424,5.0625,4.093750066666667,-50.712502666666666,-0.23727486333333334,986.1441616666667,0.03727369333333334,1754295517903.5,30945.5,Front
-0.37133617125,2.8899315624999997,9.014360625,-0.184602882125,-0.00225256375,0.074907293,0.034952917874999996,5.5828125,3.253125175,-49.89375,-0.30948310625000003,986.1294225,0.04123426,1754295518010.0,31052.0,Front
-0.43968115333333335,2.8233313,9.042876,-0.20906223333333332,0.033953900833333335,0.22881976,0.29568400666666667,6.1187502,2.2562501,-50.5,-0.30207738333333334,986.12452,0.048606824,1754295518103.5,31145.5,Front
-0.2709017142857143,3.0013687142857144,9.99464942857143,-0.3482823657142857,0.06643154500000001,0.15286891285714285,0.49951285428571435,7.419643214285714,1.984821457142857,-50.994645,-0.29241799142857144,986.1240942857142,0.02767473342857143,1754295518198.1428,31240.14285714286,Front
0.23232811625,2.4195922999999997,9.9335786875,-0.6140078475,0.031077746875,0.05207622749999999,0.62804537375,7.8468753375,0.76875004375,-51.0609395,-0.23961809750000002,986.12871,-0.024696823,1754295518303.625,31345.625,Front
0.5976074433333333,2.9018956333333334,9.413264,-0.6481622833333333,0.14441862,-0.22851433666666665,0.7010691666666666,7.96875,-0.009375004999999992,-50.79375000000001,-0.29972252666666666,986.1146,-0.06517150133333333,1754295518402.3333,31444.333333333332,Front
0.22896322125000002,2.9272447,9.107606500000001,-0.59150284,0.104763312875,0.029226059999999998,0.45438794,8.221875,-1.60312505,-51.281251,-0.31080436375,986.104075,-0.025034234875,1754295518504.625,31546.625,Front
0.30123927142857143,2.8012261714285716,8.955053428571428,-0.6703166428571429,0.07005309885714285,0.15985022285714287,0.22065308285714286,8.55,-2.400000014285714,-51.44464528571428,-0.3029431028571429,986.108477142857,-0.03366391214285714,1754295518611.2856,31653.285714285714,Front
0.18773687333333333,2.856332333333333,9.096614166666667,-0.6994605816666667,0.01094466,0.15999566666666667,0.10893755333333333,9.496875000000001,-2.709375,-50.690625000000004,-0.3038883983333333,986.1181499999999,-0.020589014166666666,1754295518705.5,31747.5,Front
0.43818567,3.32512615,9.735199,-0.761338385,0.144660415,0.09888373624999999,0.15454879,10.462500375,-3.1242187875000003,-50.90625,-0.328866645,986.13290625,-0.04464345,1754295518799.25,31841.25,Front
0.5839342042857142,3.271501285714286,9.579494428571428,-0.8055119814285714,-0.06376991571428572,0.057246756428571424,0.0699003842857143,9.543750142857144,-4.050000128571429,-49.95535828571428,-0.32960760714285714,986.141742857143,-0.060666890142857144,1754295518909.5715,31951.571428571428,Front
1.0534401742857142,2.931122242857143,9.845867142857143,-0.9590253857142857,0.12448551428571429,-0.12370012100000001,0.24122613657142858,9.179464999999999,-3.7741072571428567,-49.620539,-0.2892993457142857,986.1326557142856,-0.10906723142857143,1754295519007.0,32049.0,Front
0.9912267933333334,2.6007988333333336,8.856036,-1.0546075666666666,0.03856084,0.024205516250000003,0.049174614,9.771875833333333,-5.037500316666667,-49.862503833333335,-0.2831019533333334,986.1113333333333,-0.11093810666666666,1754295519102.0,32144.0,Front
1.0513132333333333,2.8767711444444446,9.426590999999998,-1.0300770222222222,-0.006193489999999999,0.05251740288888889,0.11726907333333332,9.654166666666667,-5.0062504,-48.69583633333333,-0.29288160222222226,986.1128711111111,-0.10934842666666666,1754295519205.6667,32247.666666666668,Front
1.7217555,3.28462768,9.397092599999999,-1.08578186,0.067470018,0.311388322,0.0423023832,10.754999999999999,-5.05875008,-48.862503,-0.3313211,986.1249599999999,-0.18144782799999998,1754295519305.0,32347.0,Front
1.5779335666666667,3.460752633333333,8.947361777777779,-1.0798673333333333,0.17368922433333334,0.12814585622222222,-0.04927642955555555,11.639583777777778,-6.016666844444445,-48.304168777777775,-0.36419545333333336,986.1160177777778,-0.17437240555555555,1754295519405.0,32447.0,Front
1.0586246333333333,3.5986058,9.079366333333335,-0.9781362316666667,0.04301506133333333,-0.026419900866666665,-0.10282890666666666,10.525000333333333,-6.6718754,-47.88750099999999,-0.3752846,986.11267,-0.11694157999999999,1754295519511.0,32553.0,Front
0.77706915,3.9727694142857146,8.803793142857142,-0.8821297257142857,0.00571594957142857,-0.10397791702857143,-0.10895209428571428,11.635714857142858,-6.3187504,-46.866965428571426,-0.42281844142857145,986.1056114285714,-0.08808440285714285,1754295519606.0,32648.0,Front
0.4678822674285715,3.798093285714286,9.252874571428572,-0.9058370185714286,0.21580979757142857,-0.18223405285714284,-0.06235184,10.864285714285714,-7.738393028571429,-47.04642985714286,-0.38960108285714284,986.1158971428571,-0.051449435714285716,1754295519701.2856,32743.285714285714,Front
0.1674975817142857,3.7925385714285715,9.437463857142857,-0.9708362199999999,0.6873101028571428,-0.2427096707142857,-0.048541932142857146,8.79375,-11.089286571428572,-45.55178757142858,-0.3823769757142857,986.1203285714286,-0.017861389285714287,1754295519803.7144,32845.71428571428,Front
0.811252342857143,5.002281428571428,7.912295285714285,-0.8962736828571429,0.71728615,-0.143160525,-0.030477787571428574,8.675892857142857,-14.927679571428571,-44.925000000000004,-0.5602076057142857,986.1187557142857,-0.10213267999999999,1754295519902.8572,32944.857142857145,Front
0.2053554485714286,5.469650742857143,7.674892971428571,-0.7062037914285714,-0.26764604285714283,0.3190895757142857,-0.33021604285714284,9.490178571428572,-15.929465000000002,-43.433035714285715,-0.6177098585714286,986.1071714285715,-0.023671825714285714,1754295520001.0,33043.0,Front
0.1238285675,4.96346195,8.81037325,-0.8687775974999999,-0.3551033325,0.07593812625,-0.19683208825,10.80703125,-13.1859375,-43.174219875,-0.51343107,986.10816875,-0.01358780875,1754295520110.0,33152.0,Front
0.33708889,5.14755975,9.180064499999999,-0.9360539216666667,0.3782271033333333,-0.11316269666666666,-0.16951497999999998,10.209375833333333,-13.959375833333333,-43.13750166666667,-0.5109722900000001,986.11616,-0.036747736499999996,1754295520209.1667,33251.166666666664,Front
0.5554766728571429,5.288736285714286,8.674238571428571,-0.9366174042857143,0.17335469857142854,-0.23232495857142857,-0.26590070285714285,9.265178571428573,-14.630357142857141,-42.350894999999994,-0.5484533457142857,986.1084971428572,-0.06586056885714285,1754295520302.8572,33344.857142857145,Front
0.855434055,4.9178487,9.0335035,-1.1423869625,0.2363092355,-0.31461444499999996,-0.2159788775,7.9429688125,-14.97421875,-41.07421875,-0.49956650999999996,986.117255,-0.10211234,1754295520406.875,33448.875,Front
1.1062019200000002,4.52686152,8.0301934,-1.20620772,0.178006012,0.018264856,-0.36737406800000005,7.9087502999999995,-15.641250399999999,-40.09875,-0.50822212,986.116806,-0.136734038,1754295520500.2,33542.2,Front
0.6422070277777778,4.881291866666667,8.0941215,-1.0405138411111112,-0.01041863733333333,0.015984295555555545,-0.3591545422222222,8.2291668,-15.527083888888889,-39.206250999999995,-0.5406230133333333,986.110628888889,-0.07820307444444445,1754295520600.3333,33642.333333333336,Front
0.29730822,4.698307333333333,8.063014666666668,-1.0528620166666667,0.025198175000000003,0.37026042500000006,-0.1325576525,8.931250666666667,-15.712500666666665,-38.90312533333333,-0.5257010866666666,986.1148,-0.034949754666666666,1754295520708.0,33750.0,Front
-0.3650549775,5.290456000000001,8.269595375,-0.7887977375,0.030046913124999998,0.4804451575,-0.10165171587499999,10.453125499999999,-15.1968755,-38.0906275,-0.5591423925,986.1328275,0.049915506374999995,1754295520805.25,33847.25,Stay
-0.26540388,5.701697533333333,8.370293333333334,-0.9388462366666667,0.32398741,-0.022983784999999996,0.1106428865,12.018749999999999,-15.762500833333334,-36.740625333333334,-0.5882252866666666,986.1160416666667,0.03726429133333333,1754295520901.3333,33943.333333333336,Stay
-0.3320789025,6.064310075,8.2278705,-0.8197646387499999,0.09691751437499999,0.011358269999999995,0.3245028125,10.37812525,-16.378125,-35.8593755,-0.63435956875,986.11238625,0.041006374,1754295521004.75,34046.75,Stay
-0.8802595999999999,5.21934435,8.1173515,-0.7808679233333332,-0.11807507900000001,-0.13054689883333334,0.34330601333333327,10.131250333333334,-15.768750666666667,-35.237500000000004,-0.567586155,986.1133249999999,0.10877535999999999,1754295521100.6667,34142.666666666664,Stay
-0.6692212071428572,5.115427542857143,7.743344857142857,-0.8022771014285714,0.015991567142857144,0.2578722058571429,0.4259472871428572,10.141072285714285,-16.015178714285717,-35.643750857142855,-0.581777342857143,986.1185142857142,0.08528651,1754295521195.8572,34237.857142857145,Stay
-0.57973605375,5.3875899,7.58704245,-0.85104554125,-0.236824639,0.582192315,0.032261296875000005,12.64453175,-15.103125125,-35.575783375,-0.6161694375,986.12099,0.075903175,1754295521303.0,34345.0,Stay
-1.1282158933333333,5.030909733333334,7.9325059499999995,-0.855904155,-0.36443174666666667,0.47372564666666667,-0.09463313566666666,15.6375005,-12.534376,-35.250001000000005,-0.5605407000000001,986.1151166666667,0.14120746666666664,1754295521401.5,34443.5,Stay
-1.2172738,5.3429485,8.27310975,-0.860979165,-0.18648556375,0.10210986500000001,0.040889762999999996,16.488281875000002,-11.465626,-33.921096125,-0.5685870025,986.129325,0.14700448875,1754295521502.0,34544.0,Stay
-0.5670135285714285,5.655179842857143,9.193907999999999,-0.9907520771428572,-0.09339686285714285,0.11835504500000002,0.013220859428571428,16.216072285714286,-10.558929571428573,-33.81696471428572,-0.5504409885714285,986.1526142857143,0.06263371628571428,1754295521608.1428,34650.142857142855,Stay
-0.711693824,5.480247371428571,9.051108142857144,-0.9344470142857143,0.10485057714285714,-0.3318304814285714,0.024129158171428574,15.677679571428571,-10.494643285714286,-34.60178571428572,-0.5425886328571429,986.1418128571429,0.07829633874285714,1754295521711.4285,34753.42857142857,Stay
0.12536681685714285,4.851362485714286,8.777044428571429,-1.1120030285714286,0.15437425714285716,-0.5811505942857143,0.02945240428571429,13.275000571428572,-10.904464714285714,-34.24821557142857,-0.5031779057142857,986.1133285714286,-0.014699151314285714,1754295521805.7144,34847.71428571428,Stay
0.08400516857142858,4.441762357142857,7.7302698,-1.0870081785714285,0.35137814571428566,-0.2590721185714286,-0.30608689428571434,11.477679,-12.013392857142858,-33.24375114285714,-0.5225959657142857,986.0844685714286,-0.010450896000000001,1754295521908.5715,34950.57142857143,Stay
-0.43019534,4.673609714285715,8.502638857142857,-1.0473341714285715,-0.2860156085714286,0.2930405406285714,-0.16604613857142855,10.229465285714285,-12.297322,-33.04017857142857,-0.5048613428571429,986.0711985714287,0.048663410000000004,1754295522003.4285,35045.42857142857,Stay
-0.9343972333333334,4.531806666666667,8.781061333333334,-1.0139138833333334,-0.21930044999999998,1.01899878,-0.004199689999999992,14.409376,-9.643750833333334,-32.290627,-0.47473973333333336,986.0819383333333,0.10684339666666666,1754295522098.0,35140.0,Stay
-1.640811722222222,4.961517799999999,8.16657088888889,-0.8932582266666667,0.074932745,0.9742783833333335,-0.15566870155555554,18.731251666666665,-9.16041711111111,-31.289584000000005,-0.5354399666666666,986.1021877777779,0.19716810111111113,1754295522204.3333,35246.333333333336,Stay
-2.498107,4.7784667,8.100901,-0.82411236,0.068722285,0.20021093,-0.097432934,20.306252,-9.3,-31.1625,-0.51328224,986.1118,0.29912153,1754295522281.0,35323.0,Stay
